gene_symbol,S01,S02,S03,S04,S05,S06,S07,S08,S09,S10,S11,S12,mean_expression
GENE_0001,6397.9,259.9,2757.5,2239.9,7367.3,6770.2,8922.9,878.5,4225.0,307.7,2194.2,5058.5,3948.3
GENE_0002,275.1,1996.4,6502.3,5454.0,2212.2,5896.8,8096.2,74.9,8060.1,6984.4,3409.1,1563.2,4210.4
GENE_0003,9572.6,3372.6,936.5,976.2,8476.5,6041.2,8073.2,7300.0,5366.9,9731.4,3791.6,5524.9,5763.6
GENE_0004,8295.8,6189.0,8618.5,5777.7,7048.7,467.8,2286.7,2901.0,807.1,2335.6,1019.0,2787.0,4044.5
GENE_0005,6360.5,3654.7,3708.1,2103.0,2677.1,9367.2,6483.9,6095.2,1719.7,7294.0,1642.4,3800.8,4575.6
GENE_0006,9895.3,6403.6,5573.9,6849.3,8430.1,7762.2,2298.2,330.7,3161.4,2684.7,2117.7,9429.7,5411.4
GENE_0007,8764.9,3153.6,6557.8,3962.4,9146.3,4593.9,2656.2,2473.8,5618.1,2634.8,5850.0,8979.3,5365.9
GENE_0008,4000.0,2201.0,9975.4,5100.2,918.2,480.7,1105.4,6278.2,7922.9,4227.4,644.6,3822.4,3889.7
GENE_0009,9961.3,5295.9,9711.1,8609.2,124.7,7210.0,6820.3,5374.3,2675.6,6413.2,1124.4,4353.3,5639.4
GENE_0010,4542.7,9538.6,8759.8,2641.3,5010.9,1794.7,9127.2,8706.5,2991.5,6393.1,6093.6,1536.9,5594.7
GENE_0011,7627.5,5398.4,7788.5,5308.2,15.7,3248.3,204.6,9291.7,8788.4,8318.3,3082.1,588.7,4971.7
GENE_0012,8781.3,9470.0,865.7,4865.0,701.4,7608.4,7660.7,1292.6,4758.1,5502.5,2657.9,8725.6,5240.8
GENE_0013,4237.1,2125.9,5397.6,7302.0,2019.5,3124.0,9951.5,6502.3,4386.6,5180.6,1218.8,2254.7,4475.1
GENE_0014,3387.5,5887.2,2308.8,2210.0,719.2,6314.7,2297.1,9055.1,8597.8,717.9,2387.7,6693.1,4214.7
GENE_0015,2150.2,1331.8,9355.8,5714.7,4732.0,7848.3,8076.9,1912.2,978.3,4316.2,4241.6,4675.6,4611.1
GENE_0016,7293.5,6736.9,9841.8,993.2,4032.2,3399.6,8618.1,2494.1,1910.2,4491.6,4224.6,2792.7,4735.7
GENE_0017,2505.6,9233.4,4436.9,8614.9,5507.7,515.4,9992.8,8361.9,9690.3,9264.4,8488.5,1671.4,6523.6
GENE_0018,4861.6,2145.3,4016.4,595.8,3795.9,9853.2,2659.4,7842.9,4555.5,4235.8,9573.6,9954.3,5340.8
GENE_0019,5562.1,7186.9,1556.4,2974.1,9687.4,5796.0,5426.5,7482.3,581.1,5845.9,5033.5,8528.7,5471.7
GENE_0020,1582.8,9608.2,810.3,1866.4,5954.4,6755.4,2359.7,1207.7,8904.0,2469.7,5949.2,6197.6,4472.1
GENE_0021,4198.1,5840.9,5232.6,9347.7,2050.5,7164.8,2394.5,3963.9,6720.2,3007.0,3168.6,7521.1,5050.8
GENE_0022,734.7,4588.3,9984.6,9961.0,741.9,2139.4,2659.4,9333.3,8809.8,8793.9,3701.6,1585.9,5252.8
GENE_0023,8339.1,7038.4,6120.7,9872.5,6543.2,88.2,8172.9,3000.8,6637.3,9389.9,1351.6,1163.1,5643.1
GENE_0024,1079.3,5536.7,2730.8,6052.2,7178.9,2043.9,6346.0,2647.2,4890.4,9054.3,8462.6,932.1,4746.2
GENE_0025,4241.5,2774.0,45.4,7713.5,6374.8,2626.9,7414.9,5521.3,4282.6,106.6,761.7,8832.2,4224.6
GENE_0026,9040.2,5460.4,8347.6,5829.3,1489.5,1283.2,3089.5,8990.8,7963.3,8608.4,8990.3,2108.7,5933.4
GENE_0027,2502.8,1036.9,7803.4,8842.5,4069.7,6210.4,1554.0,9299.5,8647.4,9762.3,8109.6,8815.3,6387.8
GENE_0028,257.6,7368.3,3328.5,9308.9,8024.3,8642.0,8109.4,2675.4,7875.9,1089.9,8722.9,8587.3,6165.9
GENE_0029,2232.1,8167.7,4608.4,3058.9,7955.5,2283.7,246.4,1939.4,3289.3,8644.9,9669.2,2798.5,4574.5
GENE_0030,6418.4,4002.8,9811.7,5366.8,9393.0,1162.3,9704.3,1793.9,9625.7,2662.0,1092.9,4351.3,5448.8
GENE_0031,7288.2,3143.6,6066.0,5119.1,3858.1,5770.1,2554.7,7090.8,26.9,9256.5,5389.1,7197.1,5230.0
GENE_0032,7422.1,6709.6,3648.6,709.0,6645.7,3308.7,3146.0,8481.7,7200.3,3010.2,3099.8,4089.8,4789.3
GENE_0033,4030.0,2963.6,1281.6,4210.3,9404.2,6776.4,9029.0,6159.0,3016.5,5483.9,14.1,2876.3,4603.7
GENE_0034,4304.6,5804.0,6550.5,4655.2,4427.2,2144.9,4737.1,9012.8,7962.3,1705.2,857.1,5159.4,4776.7
GENE_0035,6333.1,3358.5,8186.1,7513.9,6731.2,2254.2,1999.3,254.0,2456.0,4756.6,8498.9,737.6,4423.3
GENE_0036,4150.3,6301.4,1952.4,6966.6,4948.8,2447.4,6564.0,65.4,7512.1,7702.8,1074.8,4257.2,4495.3
GENE_0037,1767.1,9580.1,5184.4,511.7,2499.5,8484.9,4570.1,8016.2,6679.1,9879.0,5958.6,9500.9,6052.6
GENE_0038,8915.3,6130.4,7195.5,5052.7,8307.4,5483.2,8973.1,7439.1,4752.0,2599.3,2479.9,6380.2,6142.3
GENE_0039,7660.5,5217.8,6271.2,2753.2,784.1,2864.4,2724.4,3203.9,5406.1,1392.4,2320.3,6942.6,3961.7
GENE_0040,7067.1,651.6,4081.9,5430.7,4163.6,2076.3,4207.2,9049.3,5845.0,6958.3,8568.8,7658.3,5479.8
GENE_0041,3810.0,68.9,3524.1,7537.2,8535.9,9534.8,4196.0,7477.7,5465.9,6036.5,2213.2,2202.0,5050.2
GENE_0042,4364.0,300.0,3367.9,6794.6,4049.1,1658.8,4679.2,1285.0,6226.3,279.4,3946.3,5648.3,3549.9
GENE_0043,280.7,6431.1,1365.6,4622.4,512.3,3797.2,2124.5,3275.2,7614.7,3797.5,7522.6,8320.9,4138.7
GENE_0044,2530.2,828.2,203.6,5398.8,9999.1,3506.1,6504.9,7814.5,6521.0,7544.8,9496.6,2001.6,5195.8
GENE_0045,213.6,1532.3,1270.9,6697.9,5644.1,2187.5,6997.7,7671.3,1686.2,6076.4,7481.8,1154.2,4051.2
GENE_0046,8194.8,9647.6,1089.9,266.5,3126.5,6776.7,9582.1,3972.6,7153.0,769.2,6909.2,6276.2,5313.7
GENE_0047,1028.0,7727.1,8504.4,6008.1,1219.3,9838.6,7828.5,3478.6,4289.5,3712.0,5064.5,3418.9,5176.5
GENE_0048,8497.3,8225.1,1064.3,9608.3,6359.5,8288.8,7076.0,4360.5,7340.6,9655.1,2708.1,8083.9,6772.3
GENE_0049,5386.3,4840.1,4361.4,7313.0,2691.3,8518.6,8309.0,875.8,8817.5,2446.2,4652.4,6107.2,5359.9
GENE_0050,3796.1,296.7,8511.0,1826.6,2129.1,7980.3,3410.0,8804.4,7014.8,2769.9,111.4,9481.1,4677.6
GENE_0051,865.3,7203.5,4890.9,7584.1,6909.2,6462.6,4913.3,7931.4,939.6,2223.7,6921.0,3069.0,4992.8
GENE_0052,5819.7,4737.9,5313.9,4260.8,7461.9,3314.6,7031.5,2716.5,2521.5,1215.4,1933.9,1204.4,3961.0
GENE_0053,5363.3,7624.3,1859.6,2171.7,4847.1,7248.6,9766.3,5251.1,2837.2,1014.3,1949.2,2282.6,4351.3
GENE_0054,1802.6,151.3,5346.0,2750.4,9743.2,5538.1,6977.2,1271.5,8685.9,4913.9,8728.5,5744.9,5137.8
GENE_0055,4699.3,4410.3,1851.8,523.3,9411.2,4782.5,8222.9,4013.1,750.1,6298.2,545.6,1500.5,3917.4
GENE_0056,5632.8,3045.3,9939.2,1193.3,7646.8,6067.1,7909.5,2264.6,5230.5,4510.6,4432.8,8603.1,5539.6
GENE_0057,9900.4,3060.7,6214.1,6100.2,7403.5,9476.4,2085.8,2118.1,6607.7,1579.0,1746.4,759.9,4754.3
GENE_0058,36.7,4510.5,5942.2,2919.7,2322.4,7072.5,7032.8,4545.8,6877.0,9239.9,7880.4,6254.3,5386.2
GENE_0059,6615.2,9337.3,4257.1,5450.2,6479.9,9085.0,8268.0,723.4,1667.6,3083.0,7492.1,5696.4,5679.6
GENE_0060,2893.2,1252.3,6889.9,7000.3,9427.3,5009.7,4943.0,813.6,408.2,4326.0,3230.0,2511.2,4058.7
GENE_0061,922.4,9619.5,8361.2,5756.2,9508.4,9995.7,6726.1,2702.4,411.9,7565.1,4710.3,6518.6,6066.5
GENE_0062,9161.6,1823.1,5857.4,6351.5,4922.3,921.5,3486.1,3339.8,6704.6,8578.8,3304.7,6939.8,5115.9
GENE_0063,2889.3,9452.5,8137.5,5505.5,4553.7,3152.0,3239.5,9702.1,4047.7,5150.8,9881.3,6580.0,6024.3
GENE_0064,5430.5,4138.3,1883.9,3624.2,7566.9,6257.8,7602.3,2043.5,5496.7,9277.5,4386.8,6985.5,5391.2
GENE_0065,1223.0,9731.7,6092.6,2400.6,1592.2,5512.9,5527.0,941.2,9922.6,9130.2,4619.9,1183.5,4823.1
GENE_0066,8323.1,4988.8,7168.9,5093.6,2741.5,8348.9,9802.6,2444.9,5517.1,3842.0,9219.5,5087.3,6048.2
GENE_0067,8794.5,8641.6,2769.7,7902.2,4155.3,9343.1,5082.3,8207.3,2835.6,2992.6,5873.5,9989.0,6382.2
GENE_0068,4901.5,1494.5,5390.4,3457.8,5523.7,5438.9,4558.9,3224.6,1894.6,6978.0,5722.3,2343.3,4244.0
GENE_0069,7757.7,446.0,7449.6,7055.2,8116.0,3866.9,6640.3,8209.3,9808.4,4958.3,379.8,5027.9,5809.6
GENE_0070,5905.9,8698.3,8743.2,4408.7,5264.3,4574.7,7227.2,4105.7,6551.3,1552.1,4700.2,9692.3,5952.0
GENE_0071,3392.2,6930.1,6501.9,8519.1,8524.9,8594.8,3806.3,3173.4,7190.0,7596.4,8725.1,368.6,6110.2
GENE_0072,693.5,6315.3,9210.1,9974.3,7470.2,4345.4,993.4,6341.1,8727.1,4442.3,6943.1,9035.2,6207.6
GENE_0073,469.4,7963.5,2940.7,3754.7,1464.2,5316.4,5663.6,7927.3,1708.1,798.9,8709.7,6200.9,4409.8
GENE_0074,2415.9,9129.2,1439.7,4616.9,2547.2,2560.7,103.9,8048.3,9013.1,6779.3,1588.2,4422.9,4388.8
GENE_0075,3462.2,5879.8,6393.0,4248.8,2508.5,8454.6,2000.2,3853.1,4837.2,2379.7,5723.5,5752.4,4624.4
GENE_0076,9927.0,2959.4,9779.7,6585.7,2752.1,5663.6,6861.1,7449.2,500.0,6068.0,4972.3,9042.5,6046.7
GENE_0077,2869.1,7990.6,6074.6,3529.7,6369.8,6212.7,6780.9,7212.1,6595.2,8385.0,6286.2,9035.0,6445.1
GENE_0078,6466.9,3096.2,4413.8,5799.9,7326.3,910.4,2958.2,7477.3,1764.6,1330.3,5398.7,9715.2,4721.5
GENE_0079,5313.2,9135.7,8306.4,2577.1,8248.7,4823.7,8066.8,7468.1,3393.8,1160.5,9629.3,1416.2,5795.0
GENE_0080,9665.3,8602.8,7244.9,9799.6,9673.0,8047.8,3664.1,7908.9,149.0,5370.4,4553.3,6731.6,6784.2
GENE_0081,6726.7,5849.8,8225.9,9403.5,1092.4,2345.9,260.0,8843.5,5618.5,9153.4,2221.5,641.5,5031.9
GENE_0082,8240.3,9094.8,3028.9,4088.9,1406.4,9463.2,3050.6,4931.3,980.9,8873.7,1365.3,4541.9,4922.2
GENE_0083,6708.2,7434.0,9460.3,4197.1,7425.3,1553.7,4154.7,999.2,4898.6,4087.1,9515.7,336.8,5064.2
GENE_0084,3711.6,4439.4,9506.0,8555.9,1002.6,6859.9,5449.2,9778.6,3593.2,3987.4,1906.2,1230.4,5001.7
GENE_0085,8481.9,4552.6,6631.1,6420.6,5975.5,223.4,7870.1,2443.3,1268.0,5650.1,695.4,7653.9,4822.2
GENE_0086,2079.5,2167.4,8698.3,3292.3,1484.1,9006.3,38.3,8585.5,1455.4,1308.6,2514.0,1753.2,3531.9
GENE_0087,6614.0,267.5,158.5,7901.9,2386.9,3244.5,1750.7,533.5,7419.8,5265.6,7459.2,4767.7,3980.8
GENE_0088,7782.4,5137.2,1099.4,5043.3,9454.7,443.2,7834.4,8671.1,5219.3,4585.8,9640.6,617.6,5460.8
GENE_0089,4795.0,4022.2,6864.1,4907.8,9097.9,744.2,817.1,6086.9,666.2,2757.4,6334.4,5488.1,4381.8
GENE_0090,3258.6,9946.3,5310.3,4542.6,6058.2,1000.8,7020.8,8529.4,6512.7,7691.9,7211.2,2158.1,5770.1
GENE_0091,4521.0,2292.7,3395.9,4540.5,4165.7,959.9,4273.4,6654.4,3749.3,1534.9,9230.6,680.7,3833.2
GENE_0092,8319.4,941.4,974.7,7390.6,8119.6,5568.1,5868.8,5620.2,3303.2,1231.1,3542.4,6656.8,4794.7
GENE_0093,7505.3,8682.2,7213.4,9684.3,6008.1,3522.9,5783.4,2135.3,6570.8,2250.2,1091.1,8455.3,5741.9
GENE_0094,3681.9,7628.4,5745.3,8074.1,8453.1,9745.7,8186.1,6139.6,6430.6,272.3,9291.6,8296.3,6828.8
GENE_0095,2681.8,1812.4,7030.0,3096.8,3404.8,71.0,8699.9,5667.5,4013.8,1427.3,6335.4,316.3,3713.1
GENE_0096,7463.7,2159.2,4204.1,3415.6,3706.8,7218.7,7770.6,5680.3,858.7,535.6,1582.5,6182.2,4231.5
GENE_0097,6742.9,2728.3,6622.8,4861.8,4426.0,2738.9,7551.9,1147.0,4304.8,2839.6,6788.1,4871.5,4635.3
GENE_0098,6674.7,463.7,3958.7,5997.3,86.8,3021.2,2120.2,1381.0,2562.6,3287.9,87.2,7472.7,3092.8
GENE_0099,1765.2,3808.3,7039.7,5007.6,8335.2,8063.9,730.0,8619.0,432.6,197.2,9212.4,8622.5,5152.8
GENE_0100,5761.8,5738.3,7097.9,4182.8,1160.6,218.4,3254.4,8015.2,6185.1,8321.9,9198.5,890.4,5002.1
GENE_0101,8446.4,2440.7,5892.8,5244.4,3963.7,3109.6,3401.7,3337.4,1689.6,5109.7,1149.1,5104.4,4074.1
GENE_0102,9060.2,3500.3,7276.5,8191.3,8152.2,2370.3,1473.0,1980.7,6028.0,7604.6,6558.5,1779.7,5331.3
GENE_0103,7730.8,4946.2,7546.9,7601.2,4494.6,9242.3,5649.3,6356.6,6249.0,8643.8,6275.9,1518.1,6354.6
GENE_0104,692.2,4427.7,3035.2,2754.0,571.2,5078.3,3111.0,4524.6,578.3,8318.6,776.5,8643.9,3542.6
GENE_0105,8554.4,6153.9,5075.6,4632.5,5547.6,7920.3,8959.8,4502.8,8100.1,6521.9,3222.1,4761.5,6162.7
GENE_0106,1517.1,628.1,1044.0,8992.3,3440.9,7146.0,5050.4,1733.9,2485.0,4383.2,4399.8,5232.3,3837.8
GENE_0107,1595.9,3734.8,2836.1,4093.6,3390.3,5982.9,7894.4,6476.6,668.5,954.1,6787.0,2848.6,3938.6
GENE_0108,7240.1,6569.1,9064.4,8734.1,3340.3,5831.6,1422.9,3504.7,9677.3,6987.8,3925.7,5954.5,6021.0
GENE_0109,9380.6,3102.7,3773.0,7918.7,8133.7,6704.5,8291.3,7390.4,6857.3,5268.7,6463.8,4239.8,6460.4
GENE_0110,3624.7,3632.4,1810.8,2149.8,9477.2,4867.8,2273.2,1384.3,780.9,8445.8,1020.4,7711.0,3931.5
GENE_0111,8352.8,8838.0,387.1,3374.3,7665.4,1319.2,3773.4,1630.8,8315.1,7713.3,8092.3,1663.7,5093.8
GENE_0112,4382.4,4114.5,6766.9,2382.9,4447.5,2856.4,7487.9,4494.8,5344.8,3101.6,8088.2,4695.5,4846.9
GENE_0113,8352.8,3684.7,9471.8,9844.6,4622.2,2824.9,3824.9,5279.3,9663.0,8170.7,8014.6,1392.6,6262.2
GENE_0114,2507.5,6415.4,8742.4,5549.9,1034.9,8460.5,8513.1,2857.8,7633.5,2735.2,9054.0,1482.0,5415.5
GENE_0115,4380.4,9464.7,2228.2,4516.8,3502.4,276.4,542.0,5025.1,2365.4,9945.3,3755.4,291.6,3857.8
GENE_0116,9309.0,8393.4,6503.1,7915.9,1384.6,2875.9,8299.3,6963.8,1396.5,7058.3,4491.5,62.5,5387.8
GENE_0117,801.5,2566.7,8351.3,5492.6,7275.1,5282.4,1120.8,2888.1,3018.5,487.0,4204.1,7941.1,4119.1
GENE_0118,4576.6,1117.5,9052.4,5971.4,174.2,5158.6,2427.0,1444.3,4298.1,6151.9,2413.2,4171.5,3913.1
GENE_0119,6647.1,865.3,9746.8,686.1,5265.3,5078.2,9883.4,5546.0,3910.6,4706.6,6360.4,9810.6,5708.9
GENE_0120,2544.0,172.3,7887.3,3454.6,7332.1,6286.3,7717.3,7354.5,3331.9,452.9,5464.7,8137.0,5011.2
GENE_0121,1759.1,7793.6,4651.6,6956.9,6321.0,8116.9,640.4,7764.1,4582.2,2941.5,447.6,2002.7,4498.1
GENE_0122,428.6,9334.4,5158.7,9891.3,5434.9,2540.6,7535.4,1919.1,3576.2,7810.6,8659.3,3325.9,5467.9
GENE_0123,1253.5,3686.5,8896.0,7435.6,8947.4,3872.6,9737.5,4967.1,4980.3,9243.9,5197.6,8013.5,6352.6
GENE_0124,7273.5,798.5,6028.5,8225.2,5459.3,3218.9,809.9,6612.6,3071.9,6030.2,4266.9,6900.8,4891.4
GENE_0125,3522.0,433.1,8701.7,3532.1,9981.5,2752.8,9800.5,9479.6,759.7,6378.8,3639.5,8012.9,5582.8
GENE_0126,6797.3,9528.4,1436.4,6079.7,7815.3,357.6,681.7,7787.4,3669.6,3834.7,5676.8,6054.9,4976.7
GENE_0127,6793.8,9488.7,3726.4,7633.2,5743.5,5299.3,3986.4,6499.1,2503.6,1143.4,7359.4,4995.4,5431.0
GENE_0128,3876.0,5621.1,2625.1,2610.3,4468.3,9963.7,2862.9,9165.6,4917.1,1235.1,8529.7,4525.9,5033.4
GENE_0129,8987.8,4456.7,887.0,6822.5,8456.8,3202.7,3480.8,658.7,5426.3,8914.4,8515.1,7121.0,5577.5
GENE_0130,9274.0,6380.6,7939.0,5092.5,1222.4,2017.8,1397.4,7905.8,272.6,5544.7,3695.4,8038.6,4898.4
GENE_0131,5521.0,6123.4,871.3,3099.8,9996.0,7191.5,5261.7,7694.0,8235.2,746.8,9724.1,6427.0,5907.6
GENE_0132,4505.2,6804.3,3451.7,8780.8,7804.8,6401.5,1827.8,9663.0,4331.9,9108.0,563.6,1250.4,5374.4
GENE_0133,1538.6,1654.9,3233.4,7096.2,3466.8,9409.6,8950.3,8460.9,2513.5,6354.2,5512.9,1260.5,4954.3
GENE_0134,3035.2,5339.4,5030.7,1694.7,9416.7,1550.4,6590.7,7209.1,6055.3,8426.9,5640.5,8254.1,5687.0
GENE_0135,293.5,464.2,6418.1,5771.9,6514.8,7671.9,4171.7,6393.5,4985.4,6275.4,2903.8,9566.9,5119.3
GENE_0136,4834.6,8048.8,6853.1,2981.4,739.0,608.5,4401.7,4847.7,2048.2,6070.5,3132.7,7186.4,4312.7
GENE_0137,7344.7,8609.2,9754.0,1316.4,3711.7,5620.9,3198.0,4670.1,2682.0,2486.7,977.1,2909.2,4440.0
GENE_0138,3847.7,6157.6,2490.2,8654.4,1605.4,3281.1,5781.1,3134.0,7633.6,4987.7,5152.1,4992.6,4809.8
GENE_0139,3092.3,241.5,9452.9,5059.4,9667.2,2159.3,3535.4,514.9,4954.0,8824.6,6546.1,4711.2,4896.6
GENE_0140,5371.5,8473.3,4315.0,8825.7,7277.8,7640.9,3665.7,4011.8,5707.1,1954.6,5536.7,744.6,5293.7
GENE_0141,5047.5,7646.4,2804.4,9891.0,6807.2,1196.9,9751.1,3945.1,7951.0,3397.5,9390.1,7552.1,6281.7
GENE_0142,1998.6,5096.1,5005.8,462.6,1379.0,3337.1,4742.7,4575.3,6066.5,5159.9,3286.4,6134.6,3937.0
GENE_0143,1633.4,9906.3,7395.8,2999.4,3370.4,8284.6,5328.1,7090.3,3004.9,8159.3,3689.9,6741.3,5633.6
GENE_0144,9799.2,5841.2,7969.6,7256.0,6883.6,276.2,4751.2,9671.0,7831.2,7763.9,5780.6,7216.8,6753.4
GENE_0145,5839.4,1713.4,6294.0,6201.2,8413.3,1486.3,6810.5,325.4,9482.6,1107.9,199.2,3143.8,4251.4
GENE_0146,1522.8,6908.1,4109.7,7752.0,9206.0,8729.4,7361.0,632.2,1389.4,2081.3,3257.2,6625.6,4964.6
GENE_0147,5259.5,3144.4,1740.1,9122.1,3429.8,3549.3,7722.2,7212.0,6436.7,6936.2,6104.7,1930.7,5215.6
GENE_0148,2472.7,5585.3,2256.4,9729.4,2983.2,2897.2,2080.7,7052.8,3177.2,3494.5,9337.7,7956.1,4918.6
GENE_0149,2741.8,1227.5,6769.5,3803.1,9801.8,8185.6,9546.5,8048.1,2911.6,2883.4,7144.3,3470.2,5544.4
GENE_0150,4429.3,2571.9,4796.0,2028.7,5390.4,9330.9,6964.8,1381.4,6160.6,5872.4,2432.2,6701.6,4838.4
GENE_0151,5315.1,6383.1,534.4,4138.9,7176.4,1014.4,7710.0,61.8,5508.0,9291.7,4075.0,9351.0,5046.7
GENE_0152,8785.2,4779.7,2002.6,9639.5,3218.5,6462.5,9080.3,903.7,5745.6,5356.2,7233.9,9367.3,6047.9
GENE_0153,9133.2,1758.9,8823.6,1766.1,9197.2,9971.7,3976.0,4958.9,9366.7,9621.7,9261.1,8768.7,7217.0
GENE_0154,102.6,5683.9,1081.9,9830.1,2852.8,9891.1,5437.6,4944.2,9386.2,8512.1,4685.5,1936.2,5362.0
GENE_0155,1135.3,1633.3,4594.6,2580.1,1870.1,7368.8,7909.8,5682.1,7575.3,1763.2,8562.9,8971.5,4970.6
GENE_0156,8271.6,5157.7,876.5,6695.9,1856.0,1414.7,3242.8,2488.0,2615.2,2362.9,7540.0,9540.8,4338.5
GENE_0157,3026.4,7231.6,124.2,6540.3,6930.8,630.6,1191.1,3075.0,4060.1,5030.2,8952.2,7038.5,4485.9
GENE_0158,3116.7,1183.0,9162.1,2957.4,6150.1,2199.1,1344.4,1540.3,7479.9,6061.3,4164.3,5496.9,4238.0
GENE_0159,4713.6,5379.8,6644.3,2191.9,2482.2,7549.8,8732.6,827.9,4473.0,7040.6,790.2,5646.0,4706.0
GENE_0160,627.0,5481.0,5059.8,5731.3,1507.0,3287.9,5208.2,1171.2,2062.0,5835.6,918.5,5108.6,3499.8
GENE_0161,8088.8,4539.8,5137.3,4573.4,586.8,4629.2,8071.1,7235.6,3965.5,8166.4,7460.6,5787.3,5686.8
GENE_0162,462.4,3451.8,647.0,9941.3,9346.5,699.5,9338.4,327.0,4094.6,7692.0,7660.6,9783.5,5287.1
GENE_0163,6462.3,4209.4,9928.6,3831.0,8697.5,9068.6,3762.7,6830.5,6621.3,5397.6,6538.8,3484.2,6236.0
GENE_0164,1793.0,5377.2,5293.1,7281.3,2234.7,44.7,237.1,2990.6,6738.3,5449.0,5324.0,8235.4,4249.9
GENE_0165,2482.6,3468.1,2763.7,9374.7,7253.0,1137.3,8096.7,4198.2,7662.9,8838.7,166.3,2068.8,4792.6
GENE_0166,1018.0,345.4,5981.9,7035.8,496.3,7408.0,4028.6,2351.0,2180.5,8638.7,573.9,5043.9,3758.5
GENE_0167,2899.7,8159.7,7317.9,3195.8,5983.2,6728.6,3213.4,3024.6,1441.2,6605.5,2218.2,3012.0,4483.3
GENE_0168,619.0,9485.7,8798.3,9116.7,6263.7,4277.7,4961.3,9723.2,9416.4,6716.7,7860.2,3194.2,6702.8
GENE_0169,4169.1,1500.7,3770.8,7546.6,4740.5,8494.9,3014.4,7078.7,8059.7,9148.3,5628.2,9678.2,6069.2
GENE_0170,5577.3,1349.6,2436.2,2041.3,6470.6,9223.0,8472.9,933.7,7248.6,1912.9,2691.9,6740.0,4591.5
GENE_0171,6033.2,8737.5,1889.8,7619.3,7245.8,5592.9,4799.1,8696.0,3336.3,9570.6,163.2,9372.2,6088.0
GENE_0172,9621.2,1182.0,9995.7,4794.4,2433.5,6048.0,2053.1,9152.1,5525.3,7757.4,3812.8,5341.2,5643.1
GENE_0173,3599.0,2623.0,5133.0,4977.8,995.1,9813.4,4700.2,8398.9,9144.2,3713.3,4145.2,5629.6,5239.4
GENE_0174,2220.5,1467.8,2615.1,9348.2,5795.6,4181.6,1532.6,3305.4,3804.6,8335.3,4998.0,6549.5,4512.8
GENE_0175,6851.6,2580.7,8217.7,9665.4,6420.5,4911.0,1690.7,7951.8,1701.0,7205.9,4888.3,9169.8,5937.9
GENE_0176,5425.9,6421.7,596.7,347.9,8468.5,9452.4,6685.5,7645.7,4129.8,8427.0,2322.0,7074.6,5583.1
GENE_0177,101.3,5062.3,3738.3,6182.2,6670.9,6169.0,4837.2,4883.7,76.1,5520.9,128.4,5298.9,4055.8
GENE_0178,2754.7,9775.0,181.3,8133.4,6743.6,8063.6,9098.6,1079.1,972.2,1497.5,1927.4,5269.3,4624.6
GENE_0179,8154.0,2680.6,3975.0,3736.8,4066.2,5654.4,9902.4,2266.3,6843.6,8480.2,6540.8,8583.6,5907.0
GENE_0180,7598.3,944.1,3798.8,5531.5,570.6,104.4,1722.1,5003.6,4344.8,7845.9,5662.9,8581.0,4309.0
GENE_0181,962.7,5286.3,435.1,2122.1,8682.5,8876.7,4760.2,475.2,752.7,9256.6,8994.1,5639.5,4687.0
GENE_0182,338.7,9288.4,3151.7,9615.1,5874.5,7525.0,7130.0,3989.0,778.6,1632.9,2412.3,8348.2,5007.0
GENE_0183,3897.7,8966.3,3324.0,7558.5,1408.1,9884.9,7244.4,5012.9,9743.5,546.4,4376.5,8388.4,5862.6
GENE_0184,3412.5,7692.4,9549.0,3973.1,7737.8,306.0,2740.5,9925.9,4911.1,3564.6,9412.0,4324.2,5629.1
GENE_0185,6800.2,6610.1,866.1,6190.0,7982.6,7134.0,829.6,1550.7,7119.7,6342.7,7399.2,3173.6,5166.5
GENE_0186,1074.4,61.9,3089.6,3605.6,2705.0,1333.7,1882.0,4493.9,5551.9,4086.4,272.4,3545.6,2641.9
GENE_0187,939.7,5984.5,3251.1,3858.5,2925.6,3884.1,856.1,9012.3,9053.0,9781.9,5723.9,1704.1,4747.9
GENE_0188,3813.5,1397.0,3018.3,4936.3,642.0,4352.4,4216.8,4847.5,778.4,2524.5,2473.4,6254.1,3271.2
GENE_0189,5942.1,1963.5,1078.7,3053.5,9488.7,3328.8,6205.7,8042.7,3302.1,3354.0,8156.6,8596.5,5209.4
GENE_0190,9742.5,1369.9,3213.4,9473.3,2016.5,3148.7,9646.1,9687.6,2921.6,6952.6,4915.2,5763.0,5737.5
GENE_0191,2431.8,3766.8,8166.8,3935.4,1147.7,5642.9,5926.3,5460.8,6820.3,5505.5,9530.5,4621.6,5246.4
GENE_0192,7086.6,4390.2,2920.4,6931.4,8191.5,7958.6,4097.3,4998.0,6337.0,2427.8,6590.0,7155.2,5757.0
GENE_0193,7892.9,748.9,9907.1,4797.6,4014.0,5071.1,9204.7,6920.2,5441.0,7909.3,3601.7,8956.1,6205.4
GENE_0194,5373.7,6385.4,859.0,7691.9,6579.4,3556.5,6473.5,452.5,9836.2,6777.9,4002.2,7529.3,5459.8
GENE_0195,9657.5,4310.3,115.4,2594.8,5111.7,5192.8,5809.4,5756.6,4463.3,3917.4,7725.7,5890.0,5045.4
GENE_0196,5009.7,3456.2,255.4,1054.4,4165.6,9617.7,1169.5,9407.4,1425.3,3125.8,4558.8,2076.6,3776.9
GENE_0197,4834.4,4766.9,4387.3,6970.7,3195.9,3009.6,8103.8,1159.7,8493.3,6483.2,6774.6,1651.9,4985.9
GENE_0198,9839.2,2446.7,1752.8,1609.8,5602.9,9585.0,2326.2,4056.4,1852.7,6408.4,4327.0,301.6,4175.7
GENE_0199,6144.9,1981.3,5926.1,3894.5,7050.3,2065.8,7525.7,8089.2,635.0,1026.5,8721.1,1877.7,4578.2
GENE_0200,3266.6,4580.9,2630.9,8627.7,5281.9,6394.7,5973.7,6117.0,5874.2,3485.8,8456.7,6177.5,5572.3
GENE_0201,8139.2,7062.8,2981.5,6148.7,856.7,1348.1,1187.4,3060.7,1838.6,6937.4,5113.1,4188.2,4071.9
GENE_0202,1387.3,3843.3,1865.7,6358.7,6937.4,6456.1,9999.0,5553.6,4901.5,1411.6,3152.7,4515.5,4698.5
GENE_0203,545.6,3596.8,105.7,1374.0,8154.0,9638.7,5059.3,4954.7,6850.1,4162.1,8400.5,4892.1,4811.1
GENE_0204,835.9,318.3,7613.0,2928.0,2755.8,5380.7,1690.4,4578.6,7427.8,7661.5,5501.8,1141.0,3986.1
GENE_0205,1150.9,7753.4,8234.6,3674.9,8227.9,425.7,7192.6,5468.1,9897.9,1033.1,8302.4,7515.9,5739.8
GENE_0206,2984.1,9993.1,4502.8,3492.3,8169.1,4396.3,9939.6,7758.6,2377.1,8108.9,5883.4,3512.8,5926.5
GENE_0207,7110.4,6331.4,1668.2,1401.0,2074.1,2077.4,603.0,3514.6,2818.0,5392.3,3243.3,7043.5,3606.4
GENE_0208,2900.4,2680.8,8581.6,9855.0,6796.2,961.3,9628.1,7859.1,9188.5,9924.9,8671.8,1277.6,6527.1
GENE_0209,8662.1,2504.3,7116.8,8286.5,7617.1,6765.6,4899.7,5778.5,2694.5,4148.1,4525.4,6339.9,5778.2
GENE_0210,8802.4,940.0,5161.0,2789.5,9364.0,3697.0,9503.0,3279.6,34.7,7743.6,7329.9,7312.0,5496.4
GENE_0211,4589.9,6644.8,3588.6,642.7,5348.9,2186.1,4302.1,2126.4,2692.7,8285.2,3384.2,5783.6,4131.3
GENE_0212,5665.8,4858.5,3444.0,6828.7,493.6,1004.8,7841.1,4601.2,1251.1,8577.9,4418.4,16.8,4083.5
GENE_0213,9580.7,2031.2,6889.0,1327.8,6503.5,1598.2,9327.9,2747.5,6549.3,2511.4,3724.7,9039.0,5152.5
GENE_0214,1663.6,3969.5,3062.0,6997.4,2349.1,6558.3,7039.9,20.9,4773.3,1335.7,2269.6,6803.0,3903.5
GENE_0215,102.8,6959.0,8172.9,9881.7,4228.9,1330.4,717.6,3836.9,7310.3,1033.2,3140.4,8811.1,4627.1
GENE_0216,1379.9,7736.9,7534.0,1340.1,9929.5,1437.1,5309.8,94.7,6503.7,4406.6,7227.1,6284.5,4932.0
GENE_0217,1522.2,4123.0,6868.8,8601.0,876.0,1013.6,7526.9,5899.8,3846.5,9632.9,3151.9,1406.9,4539.1
GENE_0218,2776.9,851.6,5538.4,6004.1,6079.9,7791.9,6907.9,8480.4,6587.5,3023.5,5182.3,5100.1,5360.4
GENE_0219,7481.0,2962.5,555.1,8980.1,9547.2,4953.9,1136.3,5000.8,5943.4,5287.6,9777.2,9869.0,5957.8
GENE_0220,9339.9,1328.5,8609.5,5688.1,3660.5,6832.6,7629.6,9545.0,7706.0,176.7,684.7,2629.2,5319.2
GENE_0221,407.9,614.1,7895.0,5071.0,6289.4,5015.5,4160.2,7021.1,833.5,5370.3,6164.3,2781.9,4302.0
GENE_0222,3106.0,5117.9,2039.9,8082.5,5368.5,3913.4,6346.6,8346.9,6813.7,670.5,6989.8,7302.3,5341.5
GENE_0223,8466.2,588.5,871.3,4350.5,4539.2,6092.2,3099.8,7419.5,7409.2,1203.2,7081.9,7018.0,4845.0
GENE_0224,1646.7,9530.6,5234.8,7832.0,7210.4,1678.0,1278.0,7813.4,2695.0,8865.3,7716.6,303.3,5150.3
GENE_0225,8073.0,2727.1,648.1,7126.1,5770.8,779.9,4557.4,3607.6,5001.1,5673.2,3683.2,2558.6,4183.8
GENE_0226,1038.0,5743.4,7230.6,2291.8,5093.2,449.9,8630.7,2453.1,4722.9,3836.0,1509.3,9312.3,4359.3
GENE_0227,8576.3,5533.1,9140.3,7409.3,4199.5,3224.8,4168.4,7205.7,2719.9,788.1,3734.4,5025.4,5143.8
GENE_0228,9020.4,1801.7,8045.3,9814.3,9541.3,698.6,4656.3,2830.2,8450.0,3279.7,5535.4,89.6,5313.6
GENE_0229,2014.7,5642.4,3046.1,6230.9,4644.6,5921.0,4938.7,7728.4,1962.3,9005.4,7607.2,2458.8,5100.0
GENE_0230,73.7,4106.3,2337.6,3470.8,8397.3,8773.2,9510.4,24.6,6576.5,8491.6,7274.9,1048.5,5007.1
GENE_0231,5302.8,2389.3,4925.4,608.4,9969.6,7119.4,939.3,9213.5,8973.9,5202.4,7011.5,3731.2,5448.9
GENE_0232,9745.8,858.2,964.8,1343.8,8201.4,757.6,5682.5,4355.5,9642.5,2375.3,2617.3,3156.9,4141.8
GENE_0233,8010.2,7010.2,7356.2,3187.4,2726.8,756.1,2035.1,7801.6,5851.2,1562.6,1652.1,4665.9,4384.6
GENE_0234,4071.1,5363.9,9646.7,2084.3,3090.0,2657.4,1207.9,1584.6,6863.7,8265.6,6971.8,412.9,4351.7
GENE_0235,8360.9,3284.7,921.2,2489.7,3563.9,5139.5,6775.1,2609.1,9906.9,320.5,4049.9,4527.5,4329.1
GENE_0236,7483.3,2506.0,4625.8,8040.9,1406.5,129.4,8305.4,9825.8,1315.8,8238.5,3728.7,6306.7,5159.4
GENE_0237,6450.4,5827.4,2595.6,8129.3,227.8,654.1,9025.9,4439.9,1296.6,9051.7,8295.3,3322.2,4943.0
GENE_0238,436.5,4615.3,1688.2,5743.1,8218.6,3956.0,304.5,6835.3,1736.3,2155.0,1879.6,2805.7,3364.5
GENE_0239,8835.4,356.1,6195.6,2465.4,2958.1,4125.8,5511.4,619.2,2805.0,1381.0,2002.6,8847.7,3841.9
GENE_0240,5262.9,6311.2,8023.7,7950.5,9894.1,7821.3,3597.5,5449.7,4851.9,9127.6,5028.9,3889.9,6434.1
GENE_0241,1806.4,3195.6,2198.0,8958.7,7787.6,595.3,9915.4,5299.0,7670.8,9996.1,9740.1,1010.3,5681.1
GENE_0242,6572.1,2672.6,8164.7,9173.4,568.5,9964.0,2201.9,8466.6,7975.9,3554.5,8393.8,8453.8,6346.8
GENE_0243,1769.2,5929.3,8064.0,6979.3,9140.7,291.8,7008.6,9476.1,5640.4,5635.5,1890.5,9880.2,5975.5
GENE_0244,8817.4,4927.3,3097.4,4909.5,911.7,2333.9,2195.9,5269.2,16.8,9179.8,2022.6,1313.6,3749.6
GENE_0245,7172.2,9188.6,8444.4,3242.7,228.9,5870.2,9173.1,7745.9,8466.3,8608.1,9606.0,3742.2,6790.7
GENE_0246,9419.8,3962.0,1019.3,3024.6,1373.2,1583.5,9487.4,7920.5,9607.0,6495.3,1750.3,9687.7,5444.2
GENE_0247,6938.7,9289.2,7872.0,2240.1,5893.6,1761.8,3075.2,6888.1,1282.2,7291.0,9488.4,9487.5,5959.0
GENE_0248,3922.1,9942.9,9652.2,333.5,6027.9,9211.2,9675.6,2216.7,5659.8,9367.5,1415.0,7456.0,6240.0
GENE_0249,2387.6,9824.0,1687.2,8854.3,896.4,7092.6,6394.6,8867.7,4471.8,2659.5,2502.9,687.3,4693.8
GENE_0250,2574.0,1089.3,22.8,3865.5,7328.5,9691.3,8846.7,4935.9,3793.3,5464.8,1023.3,4800.1,4453.0
GENE_0251,8641.9,6513.2,6874.7,1634.9,746.4,8459.2,2956.1,3194.0,9517.1,751.3,1709.4,3760.8,4563.3
GENE_0252,7322.5,5475.0,8982.3,940.1,5944.4,6140.3,4832.5,319.6,9425.0,1658.3,8898.6,1579.5,5126.5
GENE_0253,1021.6,2063.4,1907.9,6975.0,7223.2,7302.4,2660.0,2822.4,2383.1,505.9,5722.0,8400.1,4082.2
GENE_0254,1544.4,3614.7,4281.8,2952.5,6623.6,6006.2,2004.8,267.1,1716.6,2925.2,828.5,8439.3,3433.7
GENE_0255,3090.5,3980.7,4896.1,6613.8,920.5,5445.8,1857.0,8856.1,3700.3,4463.3,2640.3,4655.9,4260.0
GENE_0256,2270.2,2692.9,625.8,7524.8,6678.0,866.2,3444.5,5419.1,9707.3,5901.4,5540.5,8409.6,4923.4
GENE_0257,8185.9,4192.1,5359.8,8670.3,4753.5,8817.7,4767.9,798.8,9028.7,7145.9,5026.0,9005.5,6312.7
GENE_0258,8006.5,6778.6,6206.5,1211.6,7574.3,1737.1,9843.8,9721.9,8086.5,1270.6,4239.5,9882.9,6213.3
GENE_0259,4359.6,9972.7,6276.0,8342.7,2586.3,9108.9,9142.6,679.4,3887.1,3979.6,3268.0,2769.2,5364.3
GENE_0260,4587.0,8735.9,7867.6,6234.3,5230.4,4201.7,4150.3,1490.5,5883.5,7586.2,9397.1,9250.0,6217.9
GENE_0261,5631.2,1018.9,2868.1,5361.0,3445.3,4114.8,3836.6,4861.0,6093.5,384.3,2761.4,1447.1,3485.3
GENE_0262,6090.5,6939.7,397.4,8896.8,3321.6,2383.4,7460.0,9209.1,8971.3,212.1,8175.7,3037.5,5424.6
GENE_0263,2810.7,4921.3,6964.9,991.2,8690.3,1352.5,9742.5,4436.7,8260.0,2701.5,4173.6,6459.1,5125.4
GENE_0264,1887.5,2121.8,8241.5,7412.0,7597.3,8673.2,8212.0,5157.5,1598.1,3118.1,5072.9,1365.1,5038.1
GENE_0265,8514.4,8794.5,299.2,1935.7,8331.0,8371.4,2502.4,4569.9,9181.1,7049.3,2747.0,8236.8,5877.7
GENE_0266,5056.2,6357.7,1247.5,315.3,3730.9,5944.5,1784.1,8706.1,5872.9,3504.1,1643.5,8946.0,4425.7
GENE_0267,7492.1,6891.6,2857.8,3871.8,1637.4,5726.9,9649.5,8572.5,6477.3,6780.2,2698.1,4101.0,5563.0
GENE_0268,210.3,7805.2,7678.1,98.9,9116.0,6477.2,6015.4,94.6,2531.4,8052.8,3061.5,9670.6,5067.7
GENE_0269,6431.0,4243.8,3771.0,3493.6,2527.5,4672.3,6775.2,8244.9,3977.6,1032.1,5120.0,6626.9,4743.0
GENE_0270,8434.4,3748.6,6476.9,6094.4,2991.8,1090.0,647.7,9883.7,6409.5,8616.3,2618.9,7113.8,5343.8
GENE_0271,8924.8,2994.9,1507.8,7657.1,8997.9,8056.2,8025.6,6004.3,6608.7,6810.7,7215.6,6557.5,6613.4
GENE_0272,9974.7,2601.7,4191.5,3888.9,362.8,7083.6,5724.7,1907.3,7268.2,2231.4,5351.0,7851.1,4869.7
GENE_0273,9066.2,6722.0,5078.1,8455.7,8408.0,8766.2,1819.5,985.1,1288.2,2593.9,8085.4,7631.6,5741.7
GENE_0274,1838.9,6800.3,3363.0,902.1,3559.3,7444.7,3077.8,7883.0,3319.9,2613.0,2947.6,8513.6,4355.3
GENE_0275,4710.7,8665.3,5839.9,9443.6,721.4,8895.4,5009.8,8676.3,3822.9,2990.6,550.1,8543.9,5655.8
GENE_0276,1382.3,2011.0,4097.8,5698.3,9067.1,4581.1,3170.7,7159.5,7791.6,4880.9,6314.0,1776.5,4827.6
GENE_0277,6348.6,57.1,2742.5,7614.3,1694.4,7647.2,4900.9,7638.1,889.5,6148.7,6338.5,4039.9,4671.6
GENE_0278,9653.6,3839.3,386.9,2002.1,3737.3,150.6,3228.9,8334.0,1913.9,6770.7,6270.6,2495.7,4065.3
GENE_0279,6938.3,3450.1,1298.0,3841.7,5890.8,1678.5,8240.2,2989.0,2915.4,7281.0,5967.7,3385.0,4489.6
GENE_0280,8880.9,9954.8,3433.9,9014.8,3598.9,1892.4,9481.4,9182.9,4039.9,2291.9,7274.4,1320.7,5863.9
GENE_0281,7343.4,5901.0,1698.2,3672.2,6508.9,383.3,8766.7,2565.3,5352.0,495.4,9946.9,6623.1,4938.0
GENE_0282,6539.1,207.2,6900.6,4173.6,3808.7,5477.4,4749.2,1539.7,6955.0,6306.8,3018.2,6620.0,4691.3
GENE_0283,6628.2,2707.1,6060.3,1380.3,8308.2,1058.1,7190.5,1186.2,1149.0,1071.6,1994.5,2005.5,3395.0
GENE_0284,2637.3,5236.2,2024.7,7037.3,2960.6,403.7,4968.6,2084.9,9331.9,3312.7,37.4,6719.6,3896.2
GENE_0285,9069.7,8354.0,6693.5,1500.0,909.9,5121.9,7238.4,1021.9,2566.4,2319.3,9886.8,2967.3,4804.1
GENE_0286,4648.1,1007.1,1755.3,404.1,2912.8,8017.9,3133.9,7388.0,959.0,7584.5,468.4,8521.5,3900.1
GENE_0287,6636.9,1713.4,3581.7,4382.8,6221.9,8786.0,938.6,8151.5,1836.9,4013.8,9623.5,2725.6,4884.4
GENE_0288,3863.3,8508.2,8001.0,6492.0,7971.1,1139.4,6964.7,595.9,9425.2,1602.4,4166.1,5911.6,5386.7
GENE_0289,8024.6,6787.1,1820.8,3803.7,3592.4,297.9,6847.8,8387.0,9734.7,1315.2,9204.8,1138.2,5079.5
GENE_0290,4118.7,469.3,2623.5,3149.2,7048.6,6782.5,7677.6,5770.7,5654.5,9779.2,6701.7,3389.6,5263.8
GENE_0291,5235.8,7008.8,961.5,6620.5,2493.3,3464.0,6766.2,3854.9,8391.9,5587.9,9878.0,555.1,5068.2
GENE_0292,6437.6,1577.7,8490.0,8520.2,8695.5,757.9,4921.6,2416.5,9701.7,513.0,2234.8,6436.7,5058.6
GENE_0293,4038.7,2357.6,4596.4,8014.6,4486.5,8567.3,4476.2,1195.9,4978.8,6537.2,1035.4,4129.3,4534.5
GENE_0294,5575.7,11.7,918.0,6046.0,6194.5,3052.9,5088.3,2076.4,6718.0,9504.0,3639.8,552.2,4114.8
GENE_0295,2237.0,4550.1,5605.9,6201.4,4736.6,6575.1,7162.0,1149.1,7595.6,2225.3,3420.2,8300.5,4979.9
GENE_0296,9644.7,2926.9,5224.6,7023.9,467.3,1649.9,1413.1,7171.4,7218.4,1078.5,6112.4,1883.6,4317.9
GENE_0297,9302.9,3935.0,4575.9,7816.4,7170.7,1086.6,4150.6,9267.0,8376.3,5892.2,7723.7,4510.5,6150.6
GENE_0298,6588.0,9562.3,1355.0,4993.3,5308.3,495.2,9353.7,8389.8,4834.5,5088.2,9212.4,1780.3,5580.1
GENE_0299,5789.8,7307.6,1292.5,3880.2,6009.5,8828.1,5046.1,3852.8,9795.2,9159.9,7626.1,2743.2,5944.2
GENE_0300,9636.3,9705.2,4533.9,1342.4,4133.3,7003.1,7486.8,2996.1,7017.9,8608.5,7121.6,9355.8,6578.4
GENE_0301,6329.5,2016.9,6245.4,2912.9,3459.5,6727.0,9813.5,6504.4,9583.7,5043.9,6946.2,3230.6,5734.5
GENE_0302,1162.9,3528.9,4808.9,5710.7,6674.9,4180.6,7481.2,8415.5,2866.4,8474.5,8085.0,5232.1,5551.8
GENE_0303,262.5,1461.8,6705.8,2007.0,7504.3,1617.7,2873.3,2513.1,8395.4,6909.0,2958.5,7538.4,4228.9
GENE_0304,332.7,8142.1,1033.8,8681.7,7397.5,8649.8,7426.7,5617.1,2383.6,7845.2,7990.2,2883.5,5698.7
GENE_0305,6648.3,9265.6,3881.7,9567.5,9758.5,3133.4,5525.7,139.5,2520.9,6209.4,7811.4,8702.5,6097.0
GENE_0306,8301.5,9115.7,7049.2,6479.8,7553.5,5470.7,6037.8,7763.7,9643.3,2948.8,1782.5,6829.8,6581.4
GENE_0307,1877.9,1746.2,5143.3,3778.2,4290.8,5570.4,1309.4,5844.0,2557.6,3312.3,7099.8,1556.5,3673.9
GENE_0308,1545.5,3233.1,518.0,9324.5,6159.9,6622.3,4910.6,5731.0,3587.3,7842.5,3185.4,2207.4,4572.3
GENE_0309,1846.9,691.1,5056.4,4165.2,5375.0,928.5,2219.8,2141.4,3325.5,3614.4,2192.3,7529.0,3257.1
GENE_0310,5309.7,9966.3,8238.6,9811.5,97.9,6692.7,4462.2,9045.9,6140.9,6215.1,9589.4,6828.7,6866.6
GENE_0311,3216.2,9160.2,9450.4,3864.9,5407.0,2835.5,9114.2,8222.9,3755.8,8030.1,4461.1,448.1,5663.9
GENE_0312,8983.8,1933.2,5143.8,9482.6,1682.3,9563.2,5384.4,83.2,664.1,6706.6,7738.1,8650.9,5501.3
GENE_0313,4247.9,1048.2,5382.2,7030.4,9762.5,7754.3,6469.1,9398.1,7471.4,1546.0,4597.7,3323.8,5669.3
GENE_0314,884.3,552.1,7944.2,5585.3,5753.9,2284.2,2593.9,3886.4,6305.9,4335.9,178.7,6736.3,3920.1
GENE_0315,5353.0,6417.8,6187.3,7562.0,5860.2,7011.8,735.2,9281.2,1070.3,7871.1,3020.5,874.2,5103.7
GENE_0316,7655.1,4382.4,3957.2,6610.6,4745.1,5339.3,1372.5,3916.0,7976.9,5461.8,9601.7,1449.3,5205.7
GENE_0317,6776.1,9142.5,7952.2,7296.0,3737.6,9495.2,5539.7,5555.1,1241.1,60.2,5970.6,5376.1,5678.5
GENE_0318,9470.3,3053.9,7485.5,9036.4,3445.1,4132.4,6462.9,5130.4,1617.9,2215.7,8349.1,1951.3,5195.9
GENE_0319,1821.8,7998.6,8524.0,8515.4,9324.4,9943.2,4618.0,5501.1,2913.6,683.0,991.0,7258.6,5674.4
GENE_0320,4877.0,3315.2,1290.9,6558.2,1009.5,6199.0,9002.2,3184.7,4512.0,6167.3,3063.7,5845.9,4585.5
GENE_0321,5659.9,3651.3,3170.2,4288.8,58.3,2469.3,2223.0,7400.8,4366.9,8402.7,1351.7,7332.4,4197.9
GENE_0322,8780.1,4633.9,3593.8,3061.7,5521.2,1765.9,6070.2,8419.5,8588.5,1408.6,5390.8,2639.7,4989.5
GENE_0323,8864.5,773.9,763.2,196.1,5076.7,321.6,5823.1,4057.3,5904.5,9064.0,5520.4,5439.3,4317.1
GENE_0324,9987.3,4726.3,7754.2,3664.5,2240.8,7723.7,7334.9,2917.1,4652.4,5109.0,3973.9,5026.7,5425.9
GENE_0325,6630.2,8481.3,8067.3,6144.2,1666.8,5146.2,4467.7,1799.7,9487.6,6597.5,9677.7,7361.8,6294.0
GENE_0326,4840.2,3594.4,2196.0,4881.5,638.0,3700.7,437.7,2075.7,9078.2,3618.9,4702.0,4551.9,3692.9
GENE_0327,473.9,9806.1,3247.5,7040.3,5218.5,8298.2,8350.4,2640.5,5448.1,1746.8,6540.2,3659.3,5205.8
GENE_0328,6536.8,8356.3,5171.5,3769.5,9073.4,5168.6,3535.5,8678.5,4873.7,4826.3,6046.1,5023.4,5921.6
GENE_0329,1398.3,1664.4,780.1,6438.3,2123.1,1877.2,3628.6,7175.9,1192.1,2311.2,8113.6,7205.4,3659.0
GENE_0330,4820.4,4793.4,2114.9,1620.9,8335.3,234.2,441.0,5739.1,1619.7,6299.1,401.5,5727.0,3512.2
GENE_0331,568.6,2590.0,1808.6,9582.8,5997.6,5640.4,196.0,7198.3,6620.8,2841.7,866.6,4497.5,4034.1
GENE_0332,9927.8,8674.4,1714.0,8305.3,6012.4,7948.2,8206.3,1827.0,6599.9,2652.6,7244.6,3433.3,6045.5
GENE_0333,4540.2,5910.1,2305.8,3860.8,1094.6,2031.5,8597.3,5048.6,4203.8,1504.1,972.0,4763.9,3736.1
GENE_0334,6151.3,400.0,7840.8,5038.3,1184.0,4827.6,1312.0,6038.7,8276.9,8970.7,7751.0,6495.8,5357.3
GENE_0335,5225.2,3710.1,443.9,5302.9,2302.6,8025.0,7897.7,3818.6,5894.6,7416.5,7617.8,6970.1,5385.4
GENE_0336,986.2,1347.5,4776.6,2332.8,8591.9,2839.8,8768.9,4092.4,1898.3,7094.4,7896.3,5784.1,4700.8
GENE_0337,1187.1,81.9,6548.9,6880.8,3165.9,3629.1,1556.2,6519.2,2543.8,8551.2,4241.4,3662.8,4047.4
GENE_0338,2762.8,6809.3,7552.2,4138.1,7840.0,4829.9,3708.4,5553.6,2545.2,3073.5,3450.1,7057.9,4943.4
GENE_0339,7360.5,8551.4,6596.2,7480.7,4471.5,6996.1,1626.3,2152.4,4011.6,3391.0,5510.3,6973.6,5426.8
GENE_0340,7070.8,1615.8,9646.1,62.9,920.0,1461.8,9259.4,4359.4,650.2,2225.5,809.6,387.2,3205.7
GENE_0341,3849.4,9844.6,6143.5,5214.8,7118.9,5978.8,9457.7,8204.1,6406.5,4395.3,2025.1,6572.3,6267.6
GENE_0342,8041.1,2867.2,345.8,5999.2,5163.0,2324.4,1703.1,370.3,2400.2,12.9,1582.9,9968.2,3398.2
GENE_0343,7798.9,3537.7,3957.5,5864.9,5182.2,7371.9,695.5,910.8,2852.1,8299.4,9150.9,3487.5,4925.8
GENE_0344,9633.2,2772.3,6067.6,1953.3,9297.8,5753.3,2618.5,4077.3,1073.6,733.1,2949.6,9470.7,4700.0
GENE_0345,8031.4,9567.5,8762.4,8133.3,5753.2,6945.0,9660.9,5636.1,7702.0,7577.2,9612.8,4593.9,7664.6
GENE_0346,4612.6,5872.4,283.2,1171.5,684.9,6340.3,9942.0,6772.4,2307.0,3164.1,9554.9,5169.9,4656.3
GENE_0347,107.1,8323.4,2490.1,939.2,6740.2,8212.5,769.5,9314.6,4770.8,3541.8,8944.2,2698.1,4737.6
GENE_0348,9471.7,6834.2,9100.2,4995.0,2004.7,7356.9,8728.7,2075.7,2035.6,2504.5,6189.8,1568.4,5238.8
GENE_0349,1075.8,9202.7,6761.4,6637.6,6142.1,7644.8,5419.3,432.2,4828.1,6210.5,4928.5,9853.8,5761.4
GENE_0350,8971.0,8689.0,4913.1,9844.1,9160.9,2809.9,2228.7,5770.9,550.9,7994.7,4788.4,5412.3,5927.8
GENE_0351,5029.7,3943.2,6866.5,1756.3,9765.3,6985.5,4606.1,6895.2,128.1,2115.4,5814.3,3261.1,4763.9
GENE_0352,6131.7,2604.4,5490.1,2379.0,4718.7,6134.7,3665.6,4992.7,2113.2,7010.1,3729.4,8544.7,4792.9
GENE_0353,2803.5,1807.1,1320.1,5763.2,2293.4,1007.7,2706.8,2365.7,4327.9,3815.0,1467.0,9591.9,3272.4
GENE_0354,1504.0,8058.6,1774.3,5001.0,9955.7,8495.4,5174.9,7208.4,7855.5,3007.3,5625.8,5682.7,5778.6
GENE_0355,3990.0,6908.5,609.8,8140.0,4770.6,6302.3,4504.0,3353.2,3616.0,5607.9,9319.1,2584.6,4975.5
GENE_0356,208.2,1221.2,8675.0,9631.5,1997.6,5763.2,6494.8,1753.6,7805.3,3557.5,6735.2,4880.1,4893.6
GENE_0357,7367.9,8897.4,3816.9,2872.4,6320.8,1457.0,1684.1,8079.1,3380.5,6316.4,5720.7,8490.5,5367.0
GENE_0358,722.7,1628.4,2289.9,3175.6,2920.6,2682.0,6450.0,2719.8,4454.5,8629.4,3638.0,5873.3,3765.4
GENE_0359,9655.6,4145.8,1847.0,240.8,7280.4,6623.6,9405.0,7010.0,809.8,1677.4,1039.1,647.3,4198.5
GENE_0360,8788.1,5488.9,273.4,3976.2,7652.3,841.7,2631.9,1561.2,6551.8,8855.9,3100.6,2481.5,4350.3
GENE_0361,2848.9,6268.5,1321.5,8386.8,295.4,6638.9,8605.1,3258.8,4766.8,9750.1,5410.4,2731.4,5023.6
GENE_0362,4454.0,9695.7,6979.3,1778.6,5979.9,6314.2,6362.2,5644.2,5239.4,6398.9,3103.5,3478.2,5452.3
GENE_0363,5401.3,8049.0,4424.2,3664.2,2605.5,3042.7,10.9,8155.6,8481.0,3445.4,4697.3,93.1,4339.2
GENE_0364,9221.7,9470.1,4775.9,101.2,4310.0,2936.3,2319.8,82.1,3742.7,4123.2,5609.9,3953.6,4220.5
GENE_0365,1641.1,7373.8,3903.3,3789.8,2637.2,4228.2,2403.2,7647.7,9100.4,8077.7,6849.6,2853.9,5042.2
GENE_0366,7431.8,8090.0,4134.9,8536.3,1832.2,2903.1,6372.6,6181.1,2728.6,6231.3,1886.0,203.8,4711.0
GENE_0367,505.8,5354.4,1867.5,1031.7,2699.3,7154.8,7273.8,2335.8,1515.3,4940.9,3425.7,3122.7,3435.6
GENE_0368,7996.6,9979.7,4642.2,7916.3,3309.2,8437.0,9516.9,569.8,7758.8,723.1,4706.8,1930.0,5623.9
GENE_0369,8417.0,8174.3,8284.2,1228.4,7683.8,2497.1,7714.5,4435.2,7378.8,344.8,4613.7,7712.2,5707.0
GENE_0370,5216.2,9821.3,4733.5,6817.6,3128.0,3237.4,6295.4,431.4,9374.8,5214.1,2540.6,6388.8,5266.6
GENE_0371,1995.2,8876.3,8637.9,2185.7,1138.2,6332.8,3251.9,1681.9,2768.2,1205.3,7893.5,99.2,3838.8
GENE_0372,429.5,7836.9,4758.0,5966.2,3720.3,903.9,1585.4,923.1,6190.3,9309.2,9969.8,6255.1,4820.6
GENE_0373,607.2,6449.3,7016.3,7916.7,1267.0,2334.4,9816.9,7887.7,7569.4,8057.2,4392.8,1937.7,5437.7
GENE_0374,6895.6,3588.1,1356.0,8987.6,4858.2,4380.6,2954.2,6973.4,1905.9,1874.4,3483.2,7326.7,4548.7
GENE_0375,2760.5,8315.2,9145.6,5549.7,698.1,1558.7,2963.8,2640.9,3677.5,17.2,6383.9,3796.6,3959.0
GENE_0376,1863.5,197.0,8569.7,7762.4,2395.5,7212.8,6586.3,5394.2,3881.0,5245.5,4980.5,5519.2,4967.3
GENE_0377,6134.3,3232.8,6412.6,1113.5,5236.8,676.1,8353.6,1306.4,8736.2,2028.8,4858.8,996.5,4090.5
GENE_0378,5714.4,8364.6,6582.6,5263.0,7016.1,2566.8,3669.9,6063.5,718.0,9302.8,2095.3,4919.1,5189.7
GENE_0379,8898.8,808.8,8012.2,616.4,5584.6,9383.1,4165.4,3697.0,7087.3,8238.2,2665.5,416.1,4964.4
GENE_0380,713.2,3046.0,9446.6,9606.3,980.2,7254.5,5321.3,1902.7,5266.7,2495.1,6257.0,1797.2,4507.2
GENE_0381,7494.5,4157.7,1064.1,6389.9,3586.1,4592.6,6655.8,8829.4,1676.4,1812.2,4021.6,3381.8,4471.8
GENE_0382,1590.2,9984.4,4435.7,3529.7,3158.4,9914.7,3253.3,3723.5,7644.2,4311.6,7261.4,6088.0,5407.9
GENE_0383,5635.8,2147.1,7659.4,9262.2,2548.4,9616.9,4480.5,3976.9,7265.9,9829.7,5961.7,5180.9,6130.4
GENE_0384,9934.2,3025.4,3010.3,2226.6,8558.6,226.8,8221.2,6900.3,2766.8,5541.1,5567.7,9260.0,5436.6
GENE_0385,1555.6,387.0,3563.0,1392.7,3677.2,5825.7,2337.6,8112.6,928.1,4004.0,9179.6,7345.3,4025.7
GENE_0386,7238.6,7931.1,1737.3,8258.8,6899.1,5766.6,9077.5,5956.4,3010.9,7310.6,5767.1,794.0,5812.3
GENE_0387,568.7,7711.3,3485.8,8173.2,4171.1,8679.6,8699.2,2274.9,6531.3,6027.0,124.2,7776.4,5351.9
GENE_0388,3831.0,3054.8,421.4,5403.9,1504.3,5029.0,2215.8,514.7,7318.5,3934.9,4461.7,5955.4,3637.1
GENE_0389,5052.2,2228.6,2904.9,3949.3,1330.6,834.6,5718.7,502.6,3997.9,859.9,5023.2,7740.5,3345.2
GENE_0390,1312.4,1357.4,5597.4,4883.7,6526.0,1969.0,6163.8,7359.3,2470.0,725.7,7770.0,3240.9,4114.6
GENE_0391,9242.1,905.1,6720.8,4241.2,3489.6,3214.2,5942.8,251.8,3055.1,9876.6,6166.0,9901.7,5250.6
GENE_0392,4427.7,1466.7,458.3,8183.5,2004.9,3744.5,7579.8,8529.1,1132.6,554.8,9489.9,9268.0,4736.7
GENE_0393,8688.8,8203.1,147.2,6941.0,1121.7,4506.1,237.3,2098.0,5384.7,2046.0,5237.4,2594.0,3933.8
GENE_0394,4835.4,7301.9,1422.1,6990.6,193.7,5834.2,6638.6,444.4,1711.5,2847.3,7894.0,6183.5,4358.1
GENE_0395,540.3,6551.0,93.3,3892.6,2720.4,8522.3,6604.4,8644.2,200.6,8675.4,6497.6,2319.4,4605.1
GENE_0396,3813.2,9766.4,1005.0,3161.4,8669.1,5320.3,1872.3,5011.5,4585.3,9264.2,224.7,2481.4,4597.9
GENE_0397,5298.9,3342.4,3940.1,1578.5,3474.3,3525.6,6256.1,2369.7,9782.7,5017.5,8120.8,6261.7,4914.0
GENE_0398,8788.0,8905.1,8150.4,304.4,5553.8,2809.1,1525.6,8972.8,6572.7,887.1,3828.2,9606.5,5492.0
GENE_0399,6128.4,6259.0,2282.0,2411.2,1536.0,9705.7,9098.3,3299.6,5426.9,2075.5,1394.4,5418.1,4586.3
GENE_0400,8003.0,8627.3,3096.9,7054.3,5242.8,1361.2,9956.9,9758.0,1460.1,9331.0,9172.0,3181.8,6353.8
GENE_0401,5577.8,9486.5,1192.7,3182.8,8797.6,7273.5,7656.7,8802.5,4146.3,4118.4,4435.6,9338.3,6167.4
GENE_0402,8942.4,9333.2,2745.2,7793.3,1076.6,1855.6,7626.9,6123.7,2676.0,5674.8,2316.8,2329.5,4874.5
GENE_0403,6876.9,3599.0,6884.5,4771.3,5028.2,6051.1,7123.1,3745.9,8522.8,4919.5,1383.8,1940.7,5070.6
GENE_0404,332.0,7647.7,160.0,2705.9,4136.3,7426.2,9882.6,7580.2,670.7,9271.8,9856.4,8672.6,5695.2
GENE_0405,4904.5,3255.7,4580.9,2475.4,4054.6,427.8,7356.0,3809.9,3135.8,6118.9,7427.3,5942.1,4457.4
GENE_0406,5257.1,8759.1,7871.3,5211.3,4521.6,8271.8,433.7,9958.4,5191.8,3962.2,7354.3,5581.4,6031.2
GENE_0407,5166.1,6310.2,502.5,2918.9,3986.4,3052.5,8277.9,4618.9,4230.4,6135.2,554.9,5174.5,4244.0
GENE_0408,1431.0,8300.6,4522.5,7229.2,1140.6,7789.5,9379.0,6964.2,1361.7,4141.5,4514.3,1797.0,4880.9
GENE_0409,5907.3,7129.2,2027.3,4552.3,2508.3,6920.3,9072.6,7966.9,7186.6,1244.2,1150.5,4499.5,5013.7
GENE_0410,3635.8,5242.9,3847.0,7912.8,5121.5,9498.0,3793.0,3812.3,7684.9,9123.4,5659.3,6598.7,5994.1
GENE_0411,1509.4,8689.5,1796.9,7123.4,4201.6,3102.1,7688.6,4468.1,6268.3,1184.4,1324.4,2036.5,4116.1
GENE_0412,6229.4,2538.6,4591.8,8555.6,5439.6,67.4,8828.2,2386.4,5892.7,4762.4,4107.4,803.3,4516.9
GENE_0413,6005.0,2454.7,5477.9,6201.5,5579.9,8254.3,498.7,1491.1,6536.2,376.8,8539.8,6673.3,4840.8
GENE_0414,8381.8,2991.4,9204.6,499.8,4175.4,1790.7,6724.2,6114.8,6918.2,5953.7,7875.2,1782.4,5201.0
GENE_0415,4558.8,5793.9,9315.5,940.3,3000.0,3692.0,3795.6,686.0,4279.0,5509.2,2935.4,1354.1,3821.6
GENE_0416,6949.2,2751.4,5275.3,5251.2,6961.3,6124.4,1101.9,7300.0,6293.5,9872.0,4841.8,6889.7,5801.0
GENE_0417,9339.6,9862.9,2879.0,6092.4,3171.7,5258.7,9950.3,3545.0,1305.8,5630.7,5201.9,6322.3,5713.4
GENE_0418,4930.1,1807.3,6098.0,7088.8,9792.8,25.8,249.6,6258.4,1188.1,8482.2,7997.6,9989.9,5325.7
GENE_0419,4146.3,3344.6,5608.6,6378.7,122.9,2019.9,2823.5,7904.1,3084.6,5071.8,3246.0,71.3,3651.9
GENE_0420,6861.5,3420.2,7246.7,6163.8,300.9,1764.5,3311.8,3386.0,6728.0,9162.5,7974.6,6460.1,5231.7
GENE_0421,4820.1,6275.7,8921.7,5374.3,3357.7,7842.1,4145.4,7428.4,8352.7,3000.4,7252.4,3161.9,5827.7
GENE_0422,5363.5,2090.5,6858.1,7997.4,8881.4,3542.4,9696.4,2811.8,321.4,9836.4,6268.8,8425.6,6007.8
GENE_0423,5714.1,3901.8,5956.0,8647.3,7517.9,7055.6,3151.8,326.0,4144.6,4975.6,2384.0,4524.5,4858.3
GENE_0424,9507.8,2169.2,3030.2,1131.2,7851.6,7780.1,9134.4,4443.3,259.1,4831.8,5005.5,1910.2,4754.5
GENE_0425,9237.1,7327.1,5241.0,7757.6,1441.5,8719.3,8223.2,9380.9,6770.4,1335.8,7248.5,4599.1,6440.1
GENE_0426,7139.6,5228.2,51.1,9324.1,6873.7,5946.9,879.9,4674.1,470.9,5210.6,6593.3,3131.7,4627.0
GENE_0427,5779.8,3128.3,8922.4,3215.6,1933.5,2773.7,3198.3,4416.7,1185.3,1501.7,2743.6,162.4,3246.8
GENE_0428,6233.2,5145.5,2073.7,3509.7,3191.7,1424.2,7046.5,2839.8,2455.8,721.7,6136.5,3394.0,3681.0
GENE_0429,4442.0,1309.4,4712.6,6758.2,1068.2,547.5,4270.4,1798.0,5965.3,5931.6,8363.4,6996.7,4346.9
GENE_0430,6167.0,3131.3,8176.2,7131.9,6712.0,5339.5,9737.1,7559.9,4662.3,1326.6,8130.4,9197.7,6439.3
GENE_0431,4688.1,4561.3,6847.9,7105.1,4659.3,2324.6,2245.7,8612.4,6173.3,9129.5,3926.8,6999.2,5606.1
GENE_0432,6655.2,7889.9,8825.2,4538.3,312.3,4758.6,3520.9,4617.8,1716.3,7681.7,6048.4,1282.7,4820.6
GENE_0433,1038.3,8177.4,7969.6,3265.4,6498.0,7926.4,5332.1,4014.2,4140.3,6212.5,5484.0,9739.2,5816.4
GENE_0434,3844.3,3413.7,8141.0,5913.8,7845.3,4359.2,7875.4,5449.8,2369.2,6629.5,788.2,9309.3,5494.9
GENE_0435,5746.1,4871.4,5925.7,4634.5,5555.3,8222.0,1770.0,9559.3,705.4,1096.4,8142.5,7715.7,5328.7
GENE_0436,3795.3,4948.0,6605.0,914.4,8172.2,8873.7,9033.5,6365.0,11.8,1475.8,1500.7,5317.2,4751.1
GENE_0437,3905.9,5783.5,1964.7,6818.4,3172.8,5707.1,9132.9,3052.5,9433.9,4352.9,9826.0,3449.2,5550.0
GENE_0438,902.0,91.1,9864.4,4047.9,1284.3,2948.9,3698.5,5493.4,540.7,7036.5,8209.3,3598.9,3976.3
GENE_0439,8613.9,8658.1,2360.1,7025.2,3948.7,3188.1,3834.1,3821.8,5455.7,6628.3,4754.0,1890.4,5014.9
GENE_0440,3852.1,9245.6,8401.2,1551.1,9974.6,6704.0,1351.4,726.7,166.9,7216.2,4872.1,4373.0,4869.6
GENE_0441,9902.3,855.8,6426.0,4164.4,4565.7,7891.4,6048.3,4262.8,1806.2,5099.1,5525.0,4506.0,5087.8
GENE_0442,3559.5,1866.1,6049.7,5783.6,8469.6,2375.1,5022.3,4114.3,5466.2,3676.0,9782.6,5685.8,5154.2
GENE_0443,7051.8,1140.5,4820.5,6908.1,1429.5,7315.6,9836.0,9836.8,7790.9,4654.7,791.6,8900.3,5873.0
GENE_0444,893.6,4729.8,7419.4,9604.5,790.0,6340.5,7983.0,3131.9,537.2,3442.0,7787.5,4694.0,4779.4
GENE_0445,5131.5,4697.6,7340.8,4216.0,9606.2,7984.2,2899.2,362.9,9229.4,7496.8,7272.4,5641.4,5989.9
GENE_0446,623.6,4736.9,1699.1,525.7,9903.7,8090.9,6246.9,2875.3,834.3,5060.9,8515.9,2785.7,4324.9
GENE_0447,1334.1,2816.9,8580.0,151.9,1124.4,1754.4,5921.8,1519.8,4472.1,8080.3,2619.9,7010.7,3782.2
GENE_0448,4854.3,7995.7,8621.5,3435.1,853.2,1459.3,9340.1,1550.0,4964.5,9935.9,7706.0,2387.1,5258.6
GENE_0449,4407.4,6379.4,2116.5,7346.3,3457.3,6426.2,7557.3,1168.8,1684.3,3993.5,3020.7,7464.0,4585.1
GENE_0450,7526.8,5329.9,3804.2,7059.0,4751.1,1460.0,8704.1,128.5,9273.0,4493.7,6788.1,9618.0,5744.7
GENE_0451,6831.9,419.8,9177.9,6377.9,9562.3,4323.5,9181.2,8585.0,3356.3,2678.2,991.8,6546.9,5669.4
GENE_0452,3917.6,7733.8,7493.4,7345.8,5891.4,1957.3,3380.7,6905.9,1807.4,5480.6,6731.3,8318.6,5580.3
GENE_0453,129.5,986.0,1048.0,4465.0,2202.0,2840.1,1938.9,246.8,928.5,9385.7,6569.5,8356.2,3258.0
GENE_0454,9505.4,6384.4,7083.7,1208.6,8565.8,1307.8,6567.4,9000.0,5665.0,9672.0,8961.1,6959.6,6740.1
GENE_0455,2540.8,4674.9,9362.5,6391.4,9227.7,2771.1,4275.6,9034.9,7701.1,3240.8,1628.0,749.2,5133.2
GENE_0456,7773.3,3834.2,3333.2,610.0,9556.5,2654.0,4411.3,4922.3,9286.6,6106.9,1792.6,4925.7,4933.9
GENE_0457,1447.3,7689.4,2191.7,6436.9,9127.0,7156.8,1041.8,738.5,5717.7,2513.5,4464.4,8966.2,4790.9
GENE_0458,1497.1,6406.9,9329.6,6649.4,2671.7,7003.6,9047.1,5750.7,5158.7,9399.7,4911.9,4366.2,6016.0
GENE_0459,8442.1,7811.6,7856.0,5405.9,43.0,9542.0,8181.6,4825.8,5676.8,9351.1,3595.6,6821.5,6462.8
GENE_0460,4012.1,6326.4,9588.7,915.8,5350.9,9609.6,813.8,4601.8,7667.4,6481.4,1774.4,402.9,4795.4
GENE_0461,3847.8,1918.1,6961.9,8965.6,6309.9,3599.0,857.8,6331.6,7355.9,1408.0,1939.0,7200.2,4724.6
GENE_0462,5933.5,4897.4,639.3,5410.1,3084.2,5344.1,8344.2,4498.6,9958.4,380.1,570.0,7879.9,4745.0
GENE_0463,437.7,1190.7,8073.0,6676.5,4589.1,6784.0,8743.8,1498.0,5797.7,9248.9,378.4,1424.5,4570.2
GENE_0464,6541.8,4717.5,9181.0,467.6,7016.0,1314.1,1730.8,509.1,3080.3,7939.0,4567.3,1715.2,4065.0
GENE_0465,5914.5,8179.8,1072.2,4976.5,7993.8,2213.5,8046.5,4267.9,8117.1,9822.1,6787.2,3249.1,5886.7
GENE_0466,9758.8,5763.9,1381.9,8365.9,7933.1,7644.6,5934.9,3361.7,1216.2,1421.0,4157.4,6966.0,5325.4
GENE_0467,5538.5,4392.2,9257.5,416.6,1008.7,8475.2,6128.3,7778.8,166.1,4874.8,73.4,1802.3,4159.4
GENE_0468,900.5,6521.0,8870.3,4168.1,8076.0,7727.9,6926.7,2069.5,6401.9,5235.6,4126.2,9381.5,5867.1
GENE_0469,6109.3,385.8,1808.2,5003.9,9503.5,6275.6,7828.0,3485.1,55.7,2364.0,1183.9,5306.7,4109.1
GENE_0470,965.9,3625.4,7613.7,5401.8,2200.6,7705.6,6596.7,2771.5,1945.3,7968.2,6855.6,9686.1,5278.0
GENE_0471,4749.4,1771.5,6704.7,440.7,6452.2,2857.8,4352.4,3349.6,8053.5,7586.5,442.7,7406.8,4514.0
GENE_0472,9249.4,1767.1,7857.1,4855.8,1169.5,8951.8,7216.8,5931.1,3266.5,1995.5,6771.8,3263.6,5191.3
GENE_0473,7792.0,3268.1,989.7,7380.1,8700.2,3761.6,2214.4,4715.2,4849.2,8906.0,1458.0,9279.6,5276.2
GENE_0474,4555.4,3879.4,1372.7,7201.0,6323.9,9755.8,2030.1,1280.8,6925.2,605.9,1373.6,8518.0,4485.1
GENE_0475,4591.2,1720.3,3442.3,8865.2,6040.3,7897.6,6383.6,6119.2,1707.7,9701.7,8551.5,873.9,5491.2
GENE_0476,8571.2,4897.2,9956.7,5919.9,8371.5,2798.9,7302.9,7364.4,2474.1,3279.7,5798.9,8919.3,6304.6
GENE_0477,5921.8,1498.2,5741.3,60.7,9802.0,410.2,4711.8,7688.4,345.9,5315.9,4797.9,7982.2,4523.0
GENE_0478,8214.7,4529.9,2412.7,5589.3,134.1,7320.5,9499.8,1335.8,2964.9,6479.9,916.4,4803.0,4516.8
GENE_0479,3055.3,7036.0,8580.6,7475.4,253.9,4553.9,7720.6,8743.2,4059.6,7900.7,3710.5,4648.3,5644.8
GENE_0480,6337.7,8605.2,716.3,8935.4,3335.7,336.8,4264.8,2705.2,9461.5,5428.9,7946.8,7879.0,5496.1
GENE_0481,818.8,8809.7,7360.3,557.6,9453.8,6749.8,8880.9,1118.6,3662.3,6195.1,3662.1,1760.9,4919.2
GENE_0482,5592.3,679.4,7096.3,2055.1,9812.7,2393.9,1144.4,4790.1,9392.1,5805.4,9591.4,2105.8,5038.2
GENE_0483,7452.7,2262.1,3533.6,2680.9,6805.5,2778.7,643.1,3458.8,4867.4,5271.6,1235.9,7101.2,4007.6
GENE_0484,6786.3,5333.2,2929.7,6213.3,8001.0,9454.2,8089.9,9409.4,665.6,8920.1,4584.2,810.9,5933.1
GENE_0485,8980.5,2890.8,9566.7,1102.6,2766.7,6973.9,4968.3,8751.2,5211.7,6276.5,2938.8,9696.1,5843.7
GENE_0486,5418.9,1329.0,3473.5,4444.2,6450.4,2922.3,638.9,8719.2,2331.0,9475.0,6450.3,4122.8,4648.0
GENE_0487,3434.5,6464.1,3269.8,5937.6,6971.7,8420.7,4458.1,3047.8,1328.2,7895.6,1725.7,2607.5,4630.1
GENE_0488,4847.6,9707.5,7699.8,482.7,3537.7,4564.7,1672.0,9242.1,7121.0,2859.6,9732.3,8394.9,5821.8
GENE_0489,6931.7,6666.9,1543.3,2386.7,421.1,3173.1,1273.5,2611.5,1853.1,5629.2,356.5,3176.3,3001.9
GENE_0490,3445.0,3735.4,5403.3,1634.4,3022.6,9205.1,4051.6,4999.2,1462.4,4585.8,3209.0,52.9,3733.9
GENE_0491,7387.6,9756.3,3319.5,7057.5,4744.4,2905.4,9440.7,9807.1,5741.5,1479.4,5656.7,9069.7,6363.8
GENE_0492,4426.6,6894.6,7319.1,9002.7,1402.8,5514.1,3087.7,4022.3,8410.4,4465.3,933.9,559.8,4669.9
GENE_0493,6416.7,5838.5,2229.2,9357.3,2786.5,235.3,5388.7,4460.1,6718.9,882.9,5122.8,1952.6,4282.5
GENE_0494,3184.4,6054.7,9434.6,9085.4,3617.0,1488.0,8539.5,3702.6,3734.6,2853.7,3520.0,9775.5,5415.8
GENE_0495,8744.3,885.1,7281.3,4447.8,9926.0,8038.8,2893.5,8058.7,9703.9,4244.1,8965.3,1404.3,6216.1
GENE_0496,5875.9,869.9,2085.8,4751.4,8676.6,9866.5,670.5,9601.4,7563.6,893.6,4100.5,9145.0,5341.7
GENE_0497,4151.0,5562.6,7105.4,7554.9,1377.9,1868.2,3823.9,5543.1,431.9,8264.2,8347.5,3046.1,4756.4
GENE_0498,5597.2,4639.9,278.1,34.4,2634.1,9560.7,8344.1,4730.7,6541.6,8927.9,4177.4,4923.9,5032.5
GENE_0499,6881.6,2455.1,1202.4,2779.4,9943.4,676.6,7458.2,5814.8,5660.1,8684.8,6283.7,4765.6,5217.1
GENE_0500,6945.5,1204.6,5130.1,5756.9,8454.3,1636.8,594.5,3203.6,8784.4,1363.6,1641.5,2734.0,3954.1
GENE_0501,4200.9,9121.9,3566.3,2905.7,5300.8,9363.8,5143.5,7666.8,1840.6,954.1,7528.8,5441.7,5252.9
GENE_0502,8725.7,8270.0,6852.8,3017.7,6857.6,6886.6,967.4,5804.7,8234.9,138.8,5186.5,3736.4,5389.9
GENE_0503,4854.1,3409.7,9108.8,1033.2,1554.0,2218.9,1892.3,8971.6,6138.1,8315.8,5261.3,5325.6,4840.3
GENE_0504,5515.6,7565.5,1148.5,4610.3,773.2,8190.3,9234.9,4800.4,3122.6,3632.1,8172.2,8898.4,5472.0
GENE_0505,5980.5,7638.3,3427.0,7101.8,297.3,8147.6,2231.4,8569.6,1432.2,2273.5,1262.2,1310.9,4139.4
GENE_0506,795.3,6911.3,7842.5,786.6,7749.2,7575.8,434.7,1087.1,7932.6,5139.7,602.1,1198.0,4004.6
GENE_0507,2537.6,671.8,6679.2,7548.0,7825.9,9201.8,2062.0,9012.7,1856.0,3521.8,916.9,8460.2,5024.5
GENE_0508,9419.0,9488.4,3484.9,1614.0,5011.3,7288.3,2425.8,5706.7,1000.1,5785.6,149.7,2177.8,4462.6
GENE_0509,1923.6,2825.7,9017.6,5375.9,9736.1,995.9,2148.0,5046.9,7080.5,3671.0,5897.9,4402.3,4843.5
GENE_0510,9577.9,1816.7,3554.7,3802.4,2150.6,2283.3,1137.3,9846.3,1244.9,1112.1,1367.8,7625.1,3793.3
GENE_0511,7050.3,5575.7,415.7,3287.9,1166.1,2843.3,6007.9,3126.9,9762.0,4445.1,5543.6,2913.0,4344.8
GENE_0512,8555.1,1896.0,705.4,8412.2,4762.0,6794.5,1801.2,9987.2,4921.6,1060.7,4386.2,6588.9,4989.2
GENE_0513,859.2,1442.2,4012.2,5909.7,1026.2,9253.7,9778.8,656.5,9752.3,3392.9,5953.7,9906.7,5162.0
GENE_0514,1236.4,8382.7,7254.8,2792.4,7137.8,5823.4,2737.0,7897.0,6441.9,4008.4,4763.5,6035.6,5375.9
GENE_0515,4050.4,4850.5,2796.1,7682.3,1089.3,2514.4,4977.8,6287.4,1354.7,1005.0,538.0,691.6,3153.1
GENE_0516,6784.3,9721.0,3832.5,6795.3,1535.8,6223.4,972.4,774.4,7518.6,7678.0,7929.4,2027.3,5149.4
GENE_0517,6624.3,4907.6,2624.0,3442.7,8598.1,5470.7,9526.3,325.7,4309.8,9150.2,3842.5,3152.4,5164.5
GENE_0518,3769.6,4602.0,338.3,5571.1,8605.0,3037.4,7063.5,4919.9,1353.5,7160.1,4879.7,1102.7,4366.9
GENE_0519,6753.5,6604.2,6856.9,5726.4,4764.4,8545.0,5071.8,3919.9,4952.0,9709.0,6173.2,3534.1,6050.9
GENE_0520,9778.1,3211.6,291.2,460.7,8371.0,3495.3,7423.2,278.7,8914.5,3419.2,982.5,3458.0,4173.7
GENE_0521,3580.1,3519.2,6615.8,2483.7,6484.3,5929.4,9104.8,664.3,3056.1,3382.6,206.9,3267.9,4024.6
GENE_0522,4614.5,8635.1,5684.8,9015.1,2673.5,6962.6,5884.0,9857.8,3783.6,3909.1,5729.7,8085.2,6236.2
GENE_0523,1009.6,6754.4,3366.3,5032.7,7651.4,3402.0,6152.1,3639.7,4365.6,4974.5,8474.9,7873.6,5224.7
GENE_0524,8405.4,5363.0,2880.7,484.8,9962.3,4026.3,2266.6,7431.5,928.7,8443.4,956.4,3375.0,4543.7
GENE_0525,682.0,8013.8,4757.9,2105.3,7958.6,6518.9,3025.5,8043.2,4334.8,5404.1,2008.8,4029.0,4740.2
GENE_0526,6253.4,4537.8,7636.8,1814.2,195.8,7036.3,8628.5,5772.7,2137.4,9621.5,7424.7,4678.3,5478.1
GENE_0527,9372.3,5331.9,6148.1,7693.5,4342.9,5665.5,6271.3,5227.5,3649.1,1486.0,1513.2,6856.2,5296.5
GENE_0528,3009.8,4359.5,3193.3,8303.8,653.6,2043.5,4130.3,8238.9,6464.0,2571.9,6016.3,4064.6,4420.8
GENE_0529,1144.5,1927.2,2463.4,8274.0,4647.0,5602.7,4367.0,6472.8,379.7,1602.0,1372.9,2591.4,3403.7
GENE_0530,8037.3,6590.1,1768.1,8526.7,9638.2,4863.6,208.9,8597.2,848.5,6020.0,8673.0,9006.7,6064.9
GENE_0531,4076.0,3640.7,6577.7,912.2,9432.2,7245.1,1414.2,1128.2,7347.5,9330.0,5224.4,8291.5,5385.0
GENE_0532,9497.2,9316.2,2525.6,8846.8,2388.4,1231.5,8068.8,3299.6,5847.4,3905.6,7486.3,2367.0,5398.4
GENE_0533,4234.5,1451.3,1759.8,9699.5,4400.4,2550.5,5898.9,4908.7,3753.3,9487.6,3171.7,4243.6,4630.0
GENE_0534,6830.6,9633.5,8795.5,9370.4,3636.4,7159.6,8215.4,220.5,9668.4,6062.1,8416.3,6625.6,7052.9
GENE_0535,9409.1,6909.9,7890.1,2404.4,5531.8,3099.6,9585.3,3634.9,8124.4,1229.3,8670.9,8577.9,6255.6
GENE_0536,3890.8,9098.8,3935.8,9780.1,2562.8,911.6,8228.9,2362.2,2111.8,8903.6,9159.7,6317.2,5605.3
GENE_0537,8795.9,7669.7,4068.8,348.5,8665.8,8233.7,9405.5,4716.2,4135.5,8413.2,7176.7,8768.8,6699.9
GENE_0538,8204.2,8245.8,6987.8,5068.3,3525.0,6025.1,8136.1,7380.5,4538.1,283.2,530.5,6419.5,5445.3
GENE_0539,6305.3,7912.3,1369.6,4012.6,6286.7,3144.1,831.5,1586.6,5168.5,9696.9,8307.9,7634.0,5188.0
GENE_0540,8471.1,6860.7,7928.5,3200.8,4788.9,7354.4,2614.2,6877.8,8269.4,7997.3,1994.7,4150.8,5875.7
GENE_0541,1827.1,8765.1,9448.1,8844.6,2252.6,9481.6,9231.9,6474.6,6270.0,9069.4,9741.5,1990.7,6949.8
GENE_0542,7015.6,1695.9,4016.3,4294.7,2609.0,899.7,3685.5,9473.0,1182.3,7188.6,4357.2,9200.7,4634.9
GENE_0543,4542.5,6739.4,1193.9,7138.5,1913.5,8620.7,7823.4,2886.7,4946.7,1310.7,8564.8,6004.8,5140.5
GENE_0544,9952.1,2836.8,6775.1,4189.1,4091.2,1468.0,2909.0,2625.4,6180.6,9074.2,3702.7,6845.8,5054.2
GENE_0545,4587.1,113.1,1340.7,3239.2,6933.3,6871.7,7136.2,7087.4,7363.7,2569.7,961.8,596.9,4066.7
GENE_0546,3335.3,2356.1,9083.2,9967.4,9393.8,9672.4,5986.3,7484.9,464.7,2544.0,6200.4,3032.0,5793.4
GENE_0547,3953.0,3715.3,9680.9,5600.0,5809.1,2610.3,5042.4,9304.0,8780.2,1327.9,3180.0,5308.9,5359.3
GENE_0548,1426.5,1177.3,451.2,1287.4,8718.1,8349.7,7480.8,9263.1,2836.4,8770.6,6133.2,7618.0,5292.7
GENE_0549,2644.9,3137.0,8927.8,3162.3,9945.7,7639.1,1521.1,8531.8,6577.6,7984.2,541.7,1494.7,5175.7
GENE_0550,2306.3,368.3,2609.6,7062.6,4369.9,9952.1,9272.8,417.5,3571.6,7093.2,4857.1,4935.0,4734.7
GENE_0551,8459.9,8670.1,1245.3,944.8,8683.0,1814.7,1691.3,5092.3,2735.2,8910.0,5860.9,5839.6,4995.6
GENE_0552,9716.6,5264.9,5712.2,4170.0,777.6,7684.9,6772.3,8874.8,269.4,6816.3,6809.6,3947.8,5568.0
GENE_0553,5907.5,9512.7,8371.4,1546.2,819.8,8308.7,6598.8,4546.0,9552.5,5946.1,68.0,9698.0,5906.3
GENE_0554,6565.2,9509.5,3255.9,7318.1,7345.9,9574.5,5695.9,2121.6,496.3,6440.0,3238.5,564.8,5177.2
GENE_0555,716.5,9519.5,3820.1,3994.6,1788.3,9650.8,8656.5,901.0,8524.9,1637.8,7797.1,2856.5,4988.6
GENE_0556,7528.1,6544.1,1214.8,4913.5,4329.3,8065.5,3107.9,6852.8,1321.6,6658.5,8322.2,5131.4,5332.5
GENE_0557,4901.3,8855.3,4769.6,5634.9,4236.5,7567.3,8111.8,6142.5,4346.7,4265.9,414.0,3424.0,5222.5
GENE_0558,4640.6,2250.1,6865.5,1559.1,4958.3,6299.3,5251.5,2914.1,4379.2,9073.0,4781.3,1494.6,4538.9
GENE_0559,1286.6,9030.0,8417.0,5235.7,2961.9,486.8,774.6,460.5,1085.2,4254.9,953.9,6611.9,3463.2
GENE_0560,5689.1,2541.3,2556.1,826.9,5039.4,1148.2,6619.2,1803.7,1830.3,3935.6,842.1,8768.8,3466.7
GENE_0561,2983.5,5876.2,4555.4,6705.9,6241.9,2658.1,9667.5,8714.7,1880.0,1859.0,7472.8,6044.5,5388.3
GENE_0562,8717.4,1072.2,5348.4,68.4,1175.6,1725.6,4776.4,6921.1,8689.1,9658.4,6022.9,4872.4,4920.7
GENE_0563,6188.8,9739.5,3613.7,6741.3,6906.0,3956.0,3033.5,1259.6,148.6,1128.0,168.7,9705.5,4382.4
GENE_0564,8591.5,2100.2,6489.7,6500.9,4363.5,6264.3,7902.2,1917.2,3016.2,4639.6,4745.2,228.0,4729.9
GENE_0565,1669.4,1532.7,7029.0,9639.0,4720.2,8599.4,5856.4,2021.4,5698.6,8340.0,518.7,88.7,4642.8
GENE_0566,6307.8,7133.8,9795.1,8487.7,7373.4,5962.4,5547.5,2914.8,4880.1,4866.1,5914.5,6118.8,6275.2
GENE_0567,6789.9,8168.7,4884.1,7145.8,5287.8,4225.8,3165.3,644.5,8929.8,4177.2,4738.6,4952.9,5259.2
GENE_0568,9390.3,3474.2,6978.2,217.9,2887.2,1930.1,3445.0,2328.7,2204.8,9091.6,3398.1,6025.0,4280.9
GENE_0569,8426.2,6573.0,1320.3,2941.0,7116.7,9598.4,8332.5,6734.3,7348.5,7961.8,7999.6,8446.9,6899.9
GENE_0570,6222.2,2831.7,7495.1,6673.9,1299.7,2002.8,6061.4,1018.0,4165.7,9937.7,3043.5,2102.2,4404.5
GENE_0571,480.0,191.1,8810.3,3576.9,1594.5,8281.2,8945.6,329.4,646.0,4311.9,6179.5,1215.7,3713.5
GENE_0572,2248.7,2585.6,3409.8,3558.9,476.3,8778.4,2682.2,1520.3,6904.5,5158.7,6698.2,7067.0,4257.4
GENE_0573,9267.1,4383.9,4576.8,8417.6,1118.2,1067.9,6109.6,7823.7,9474.4,8237.9,429.3,1063.1,5164.1
GENE_0574,6303.0,8710.0,9110.7,1578.8,2928.3,4420.8,5063.9,7328.2,1001.9,6474.5,3352.7,1386.3,4804.9
GENE_0575,8487.5,4396.7,4163.3,7692.6,2460.7,8093.4,3419.8,5055.2,861.5,3730.6,7550.9,3612.8,4960.4
GENE_0576,6653.3,1524.6,7537.5,4223.0,2289.5,8019.7,4140.0,4099.0,4592.9,8525.4,7948.1,3624.1,5264.8
GENE_0577,307.3,1464.4,109.4,8064.4,9437.0,856.9,3154.9,9819.6,1651.6,624.1,7594.3,6605.2,4140.8
GENE_0578,6418.2,9026.1,587.5,6319.8,7136.6,6607.0,5202.6,2964.3,4026.0,6811.9,5540.6,3050.2,5307.6
GENE_0579,7429.5,9093.2,88.9,2805.0,5282.6,9205.3,7005.9,4467.4,2059.3,5448.8,7885.5,6523.9,5607.9
GENE_0580,6977.7,8877.9,7817.8,4051.0,1981.0,3022.3,379.3,3351.6,7253.7,7403.1,1268.8,9919.3,5192.0
GENE_0581,2846.4,937.3,5522.3,5218.1,7572.9,1608.7,288.6,7968.0,5929.1,2421.0,7743.8,7267.8,4610.3
GENE_0582,9869.7,1113.3,608.9,3736.1,6273.6,3551.2,486.9,6513.1,1256.3,2986.6,7371.2,4536.9,4025.3
GENE_0583,9829.7,8055.8,9890.1,5660.3,8944.4,6281.2,5337.6,5959.5,3509.9,2852.5,7850.0,7151.4,6776.9
GENE_0584,6727.6,7146.4,5201.5,2483.9,3285.2,5827.9,8230.2,3619.1,988.9,7119.3,8286.1,828.7,4978.7
GENE_0585,631.3,8886.2,4767.8,4467.2,3699.2,5267.3,5886.5,5194.3,3953.9,2644.3,4993.3,4240.0,4552.6
GENE_0586,4406.4,9311.0,4900.5,9733.0,8239.9,1452.0,1280.0,7114.4,1302.6,7048.2,8634.1,1189.4,5384.3
GENE_0587,2134.3,4738.8,7467.5,9441.3,3699.6,9518.7,6020.0,4092.1,1217.5,5721.9,412.4,1541.5,4667.1
GENE_0588,3721.0,9910.3,3039.6,4864.4,7914.1,1430.0,5900.3,496.0,8943.6,8891.7,2163.7,8193.1,5455.6
GENE_0589,4893.0,1232.1,3493.0,8705.6,4181.6,5734.9,5662.0,9003.9,7815.7,4757.5,7203.1,6061.0,5728.6
GENE_0590,7621.9,5052.6,4614.8,4504.8,4496.3,8664.8,3258.9,8000.1,6648.4,4102.2,2335.9,3960.0,5271.7
GENE_0591,5414.5,9581.2,8901.5,7361.8,6462.7,8660.9,7075.0,5724.2,7963.6,7076.9,5614.8,1246.6,6757.0
GENE_0592,5597.9,1932.3,6190.9,5772.8,538.2,5706.7,1902.1,4763.6,8969.7,1211.6,9362.5,1805.6,4479.5
GENE_0593,199.5,7869.7,2460.4,7059.1,8877.7,4447.9,8071.1,6072.5,4024.0,459.4,8621.1,242.4,4867.1
GENE_0594,4375.8,4155.2,8597.9,3180.7,2579.2,1155.3,1002.3,1689.9,1448.9,2563.0,905.4,3074.9,2894.0
GENE_0595,4078.7,1700.2,6148.6,3259.7,281.4,594.4,3905.5,3207.2,4134.1,3248.9,3761.4,8279.1,3549.9
GENE_0596,1218.5,2033.6,7523.8,5864.4,4934.9,7526.4,3856.6,1159.7,615.7,4653.6,4076.7,4846.9,4025.9
GENE_0597,4080.9,2345.1,8862.7,2698.9,9635.1,6754.2,2470.7,5551.5,7854.3,3053.1,4073.4,848.2,4852.3
GENE_0598,6361.6,2042.5,9679.4,3739.3,9853.2,7822.4,5380.0,4243.3,9115.8,4522.9,20.0,4651.9,5619.4
GENE_0599,8295.4,2899.6,9721.1,15.4,9335.7,4827.0,5982.7,8396.5,3807.7,3520.7,6325.7,5855.7,5748.6
GENE_0600,5108.2,464.4,7394.4,5635.2,3013.4,3959.1,1238.5,1405.1,5569.2,2801.8,4325.3,6108.3,3918.6
GENE_0601,9574.6,3189.9,6824.2,3432.9,2621.0,7529.4,4532.7,2466.8,9830.4,3422.9,4603.4,5999.1,5335.6
GENE_0602,168.6,6921.5,6468.0,30.5,4770.5,9015.4,6730.3,4137.5,8953.7,7036.0,7627.0,5385.9,5603.7
GENE_0603,7875.2,6494.5,784.5,319.2,8322.5,6719.4,6725.7,3536.4,8129.7,8276.4,3586.1,1780.1,5212.5
GENE_0604,7682.0,6973.3,94.2,4632.3,9363.1,4451.3,2223.0,207.6,2818.5,9214.8,3584.6,908.8,4346.1
GENE_0605,6138.3,3038.8,7180.9,2350.2,4943.1,3636.4,2814.8,9046.0,7072.6,2098.8,1968.9,8213.0,4875.2
GENE_0606,3966.9,8700.5,5695.3,4945.2,5522.3,6601.8,5661.4,6827.0,5655.8,663.0,1291.2,659.8,4682.5
GENE_0607,2603.6,5703.3,2287.4,5235.6,7824.7,1926.6,6783.0,9919.6,6932.9,5334.1,2536.7,5605.6,5224.4
GENE_0608,4544.7,9379.5,6413.3,9431.3,528.1,9388.2,4331.2,9951.1,2747.6,6804.9,4671.2,3621.1,5984.3
GENE_0609,7592.6,8839.2,2253.2,2786.6,4206.4,4494.1,61.5,1954.1,827.3,5722.5,263.5,7377.1,3864.8
GENE_0610,9781.2,4244.0,753.7,2507.3,1653.2,3115.0,6263.7,976.3,4804.9,8082.5,5929.4,6266.7,4531.5
GENE_0611,3349.7,2511.6,1087.3,2391.2,3414.6,553.8,3342.5,7943.2,9436.0,7759.7,6199.5,7643.3,4636.0
GENE_0612,6257.2,5793.6,864.5,616.3,343.1,3139.7,8478.4,659.6,1284.1,9192.0,4424.8,3021.7,3672.9
GENE_0613,6265.6,667.2,6778.9,5597.0,2956.2,3820.7,967.3,7522.1,2338.8,5999.8,6600.6,116.0,4135.9
GENE_0614,3845.4,7953.7,8800.6,6196.1,3402.8,9376.5,7831.5,4546.2,3288.7,1932.9,1035.9,5955.8,5347.2
GENE_0615,684.8,7896.3,1944.2,5736.4,6377.3,2570.3,4215.9,7249.0,4451.8,2439.1,7972.3,614.3,4346.0
GENE_0616,3123.6,4364.1,9597.8,7546.2,3118.8,8853.4,7757.2,1482.6,3093.7,3435.6,3694.6,90.7,4679.9
GENE_0617,5868.5,6786.2,582.6,5076.0,8353.4,8588.4,4226.4,1962.1,2011.7,9085.9,7854.8,3422.1,5318.2
GENE_0618,6681.9,6950.9,9819.4,6001.6,3318.1,5788.3,9631.0,6164.9,4192.8,1631.2,4548.5,7894.0,6051.9
GENE_0619,431.5,2201.9,46.9,2238.0,2310.4,6243.0,2397.8,7348.5,9526.4,3321.8,7403.4,2061.1,3794.2
GENE_0620,1850.6,9898.9,3634.5,746.6,309.9,1160.7,2912.9,1952.1,5861.0,7657.7,448.6,306.6,3061.7
GENE_0621,1986.3,1749.7,8855.0,7191.2,3404.8,5549.5,1793.6,224.7,8430.4,9107.4,219.7,6777.7,4607.5
GENE_0622,3795.4,7876.3,1118.6,9361.8,3057.7,2409.1,8096.8,6612.5,9412.2,9771.2,9977.0,8817.8,6692.2
GENE_0623,8785.1,663.1,1452.9,9242.3,7951.0,1924.9,3788.2,3748.8,5999.5,9770.0,2453.1,471.5,4687.5
GENE_0624,6164.1,1899.1,5359.3,7898.0,3283.5,542.1,7958.2,8729.8,8516.5,9684.2,8859.5,2100.3,5916.2
GENE_0625,823.3,4712.0,6638.4,658.1,5091.1,7515.6,6454.3,5096.5,4990.9,4648.0,3225.0,3745.0,4466.5
GENE_0626,6948.2,7159.3,4953.0,2690.7,4015.5,9212.6,5844.0,375.7,2203.1,2038.0,8633.1,3965.0,4836.5
GENE_0627,3066.9,8888.2,5718.0,9355.6,3747.3,5510.0,1352.0,849.4,4450.6,3522.2,5843.8,4657.9,4746.8
GENE_0628,6215.0,4266.8,4680.8,4095.4,8047.0,3177.0,3829.9,1803.9,2345.6,6457.1,3597.3,833.4,4112.4
GENE_0629,8427.6,5132.8,6440.1,7860.9,9266.8,993.1,722.8,392.4,2011.1,1974.5,3299.1,3034.1,4129.6
GENE_0630,8157.5,6838.6,2751.9,7059.4,9980.0,9984.1,7526.3,7400.8,9124.7,95.3,3001.7,8224.9,6678.8
GENE_0631,7833.5,4044.1,4063.5,5803.7,6556.5,4725.3,5131.3,7614.0,1501.3,3981.1,2277.0,7493.9,5085.4
GENE_0632,4749.6,5163.1,7861.9,7578.6,7227.9,4619.4,7921.2,3137.6,1886.6,7703.6,6982.4,2103.8,5578.0
GENE_0633,4505.2,5588.9,3753.3,5779.3,1292.2,9434.1,106.7,8105.9,8344.6,3404.8,4197.3,6860.8,5114.4
GENE_0634,4039.7,7788.6,5380.7,3267.5,242.2,7855.7,9222.2,1545.4,9526.8,3309.2,6302.1,6034.0,5376.2
GENE_0635,6082.3,8670.8,9801.9,2050.0,3912.5,5349.6,1891.5,1095.3,5699.5,4520.8,8948.5,941.5,4913.7
GENE_0636,1052.1,5533.5,330.3,6893.4,4891.2,1875.1,704.2,9630.3,2845.3,2338.1,6599.1,709.1,3616.8
GENE_0637,584.0,5190.1,1726.5,8598.5,4114.5,1578.8,1116.3,5369.2,4787.7,696.9,9551.4,8658.3,4331.0
GENE_0638,1308.0,2064.7,4327.7,7099.6,4753.1,6041.1,9392.2,5879.0,5029.7,6851.5,2761.7,84.4,4632.7
GENE_0639,1435.5,649.1,3998.4,8077.6,5263.3,9103.9,8793.6,4607.4,5765.6,7375.5,2886.2,8811.1,5563.9
GENE_0640,4568.5,7006.2,7119.4,2981.5,6134.1,8101.7,1759.5,2498.9,9000.6,7335.1,4583.7,9109.2,5849.9
GENE_0641,1842.6,5690.5,3941.6,9457.4,2404.6,8706.7,2745.0,6284.6,2926.0,9163.8,6983.5,7226.9,5614.4
GENE_0642,2180.4,4939.9,9924.0,5532.7,9953.2,774.6,1061.2,7667.7,3266.9,4514.9,2535.1,5065.6,4784.7
GENE_0643,4627.1,741.2,6947.9,7499.9,3817.7,7462.1,8559.2,3972.8,117.3,1155.7,9172.2,3277.8,4779.2
GENE_0644,7489.3,4852.7,691.7,5488.8,2430.5,9500.7,1411.2,8206.1,8417.2,1714.2,190.5,1014.1,4283.9
GENE_0645,2948.5,5351.2,3914.6,785.1,7638.3,6777.1,1543.4,3587.3,2174.6,354.1,6753.7,2169.5,3666.5
GENE_0646,6970.5,8366.6,8117.0,6413.7,7166.9,8971.1,3912.3,3090.2,533.6,56.6,7726.4,7673.5,5749.9
GENE_0647,9288.9,3752.7,2393.0,923.0,4222.6,9893.0,3377.8,1929.6,6692.8,2213.5,8824.0,7971.3,5123.5
GENE_0648,8306.2,1687.2,1678.8,4162.6,1085.8,3278.1,5624.9,1903.6,2079.1,5421.6,9389.8,1216.8,3819.5
GENE_0649,2145.7,3572.2,1744.5,4027.4,3169.2,3898.0,4593.2,669.5,8152.7,6503.0,3696.1,682.6,3571.2
GENE_0650,2193.4,3022.3,5992.7,9831.2,1027.1,5366.5,9905.4,8506.1,1722.9,9590.8,6002.7,9814.3,6081.3
GENE_0651,6966.2,6782.2,9723.9,6940.3,3327.1,6357.2,8840.8,3186.5,8517.0,4826.5,3357.7,6089.2,6242.9
GENE_0652,5854.5,3829.9,6409.5,2331.9,5878.8,9883.9,2333.7,6167.3,8968.8,3095.4,7381.8,7574.9,5809.2
GENE_0653,6201.5,608.6,3751.5,2973.2,1525.2,2051.8,388.7,9234.9,5984.8,9459.3,7395.2,3293.6,4405.7
GENE_0654,2788.5,6439.6,7607.3,5213.5,9775.9,6484.0,2891.7,246.7,8470.9,3319.4,2430.1,5397.7,5088.8
GENE_0655,9067.3,6653.4,2490.9,6876.6,7197.8,6084.6,3821.0,3223.2,4429.2,70.4,8700.0,709.1,4943.6
GENE_0656,1932.7,6347.3,1423.9,2050.2,926.7,5930.4,8313.9,9318.8,2370.7,790.9,7252.6,3121.5,4148.3
GENE_0657,7219.5,2456.8,1772.6,2497.2,2860.7,4488.2,6359.7,2725.9,7815.1,809.4,9725.8,3988.5,4393.3
GENE_0658,1686.0,4419.3,5057.9,7351.9,7605.6,8197.8,7937.7,207.9,3820.4,8541.9,7591.0,9216.1,5969.5
GENE_0659,5955.9,1536.5,7269.2,2580.3,4641.9,4541.5,3757.7,6064.2,728.7,1375.2,4697.9,1555.7,3725.4
GENE_0660,1904.4,138.2,5012.0,7256.2,4919.6,9257.7,9403.4,9705.2,3737.7,4900.6,6414.1,5887.2,5711.4
GENE_0661,4093.8,397.9,9216.8,3854.4,5660.4,1950.3,4368.6,2560.0,9131.7,7225.2,5101.0,4891.3,4871.0
GENE_0662,6888.0,6967.6,6512.6,9265.9,7359.3,2431.1,354.7,8133.1,6313.2,6767.5,6977.7,6456.9,6202.3
GENE_0663,2620.7,4560.2,6813.9,2550.3,6025.5,9518.3,8416.7,133.3,7712.0,6447.5,9169.7,3982.7,5662.6
GENE_0664,5865.7,9010.9,5190.2,1896.3,4235.2,8299.2,2536.2,3029.2,9677.2,6588.3,3834.1,3086.7,5270.8
GENE_0665,4122.0,8765.2,7279.2,897.8,6365.4,7769.1,3450.5,1435.7,7489.8,9300.9,3985.7,3087.9,5329.1
GENE_0666,9870.4,8165.7,25.8,707.7,6966.2,5254.4,6548.7,7333.1,1714.6,3752.8,7043.4,1988.2,4947.6
GENE_0667,1828.0,9485.3,4512.1,8145.6,1864.5,599.2,1835.5,7594.1,2600.9,9023.7,4093.8,6272.1,4821.2
GENE_0668,6248.0,8684.9,1669.6,2938.3,3783.5,2774.9,3428.1,5860.6,4784.2,6731.3,1017.1,620.0,4045.0
GENE_0669,7520.5,82.2,5828.6,9876.3,977.5,5228.1,82.5,6033.8,9869.1,7616.0,9322.0,4737.6,5597.8
GENE_0670,3376.9,4300.2,3714.1,8902.6,9994.5,8170.3,9410.5,6654.1,3790.6,581.8,3566.7,3309.2,5481.0
GENE_0671,1010.8,4574.6,6986.1,7254.9,8880.8,1397.2,6023.1,8691.4,2801.9,6995.7,8152.4,3690.6,5538.3
GENE_0672,6187.3,6592.2,4757.2,4137.1,1887.5,9862.0,9575.9,8128.1,176.1,3608.5,467.1,8077.5,5288.0
GENE_0673,3262.0,4448.6,6071.6,4007.7,6129.8,822.9,4284.9,9315.5,9309.1,9868.8,8572.4,9053.0,6262.2
GENE_0674,7345.4,2945.7,1958.8,1440.2,5205.3,5723.2,8569.5,5051.3,1287.3,7970.2,3020.5,6733.9,4770.9
GENE_0675,5492.0,8749.1,1688.8,4468.4,1165.6,6629.8,2416.6,2124.3,7535.0,6600.9,903.4,4354.6,4344.0
GENE_0676,7160.5,1610.8,9290.4,9027.5,7665.4,2211.6,2583.7,4768.3,8976.1,1239.8,1366.2,5350.1,5104.2
GENE_0677,7256.9,913.5,6920.9,8720.7,9318.5,7665.7,6010.8,6443.4,3776.3,7177.3,7362.7,3822.7,6282.5
GENE_0678,6424.6,5623.4,8562.8,8086.4,2243.3,1165.7,885.9,900.5,7408.4,9372.7,7448.7,1169.9,4941.0
GENE_0679,3683.7,8534.8,9541.1,5773.4,26.8,628.2,5360.7,8472.7,9798.7,3203.2,3656.6,6796.2,5456.3
GENE_0680,7967.7,5202.3,6020.2,2229.2,3959.2,5387.5,4611.4,1455.6,9429.5,8373.8,5003.3,4563.3,5350.2
GENE_0681,6018.6,1467.2,6656.9,8014.9,7032.6,5992.8,3095.8,9903.4,1243.4,9968.5,7068.2,4788.0,5937.5
GENE_0682,8288.6,4955.3,7044.4,3773.3,9811.6,3338.1,8280.6,2114.0,7329.3,8106.1,7007.1,535.1,5882.0
GENE_0683,8655.7,1798.4,4880.2,3924.2,9844.1,6595.9,8486.7,9910.7,5483.9,3380.7,6782.2,9903.2,6637.2
GENE_0684,7579.6,3916.7,5283.2,2837.6,6966.8,1959.0,8564.0,3943.8,1317.7,7525.1,5808.0,8052.7,5312.8
GENE_0685,8499.6,7098.8,4580.7,1645.3,1384.2,6962.6,2917.9,1456.8,2189.2,7486.3,7355.8,101.2,4306.5
GENE_0686,7262.3,5761.1,6786.4,9885.0,1484.6,9504.5,4276.8,8418.2,9260.6,969.5,9741.8,1804.5,6262.9
GENE_0687,534.2,9803.0,6504.5,5938.0,9697.6,6273.5,4045.9,349.6,2416.1,4891.4,6883.0,9546.0,5573.6
GENE_0688,6531.4,3760.0,6921.0,7955.3,6588.6,7779.5,8650.3,6506.6,2759.4,6535.4,3679.6,1208.8,5739.7
GENE_0689,835.5,4897.3,6691.2,5102.4,240.0,5734.1,5730.6,2744.5,7456.1,7945.5,1819.2,4847.1,4503.6
GENE_0690,6449.5,4342.2,5718.5,1003.4,644.3,9089.7,7954.3,1857.0,8130.6,207.3,5565.0,5368.8,4694.2
GENE_0691,8123.8,4890.7,5193.8,5851.4,7140.4,7902.8,1249.7,7532.4,9657.2,8977.0,1814.8,5995.0,6194.1
GENE_0692,1807.6,5551.7,8007.1,1239.2,1296.9,2070.2,1620.5,5629.3,8516.0,359.7,9799.5,5066.4,4247.0
GENE_0693,3642.0,5448.8,4236.3,9452.8,10.9,3013.0,9462.7,5199.2,7830.2,6595.0,4454.8,5774.9,5426.7
GENE_0694,6954.1,5231.4,9860.3,3527.7,5386.7,2106.3,999.1,8199.4,2378.6,1888.9,3004.1,8328.0,4822.1
GENE_0695,9574.7,6025.4,2168.2,3597.1,1293.6,6226.9,752.9,2557.1,3824.0,9037.6,4006.6,841.7,4158.8
GENE_0696,2549.3,4259.2,6948.2,5363.7,714.9,7329.4,9953.6,6971.1,1934.3,3727.7,6576.6,8206.9,5377.9
GENE_0697,6053.4,4202.7,1543.4,9924.6,4341.9,268.8,6040.0,784.5,1255.0,1108.8,5488.2,668.9,3473.4
GENE_0698,6405.4,3634.6,3341.8,2739.8,8689.9,2265.4,108.5,3777.8,9688.0,3792.5,1059.0,9257.1,4563.3
GENE_0699,1765.6,7286.0,3072.4,8215.2,4901.3,5294.3,7007.6,8655.3,5519.9,6078.6,8966.7,1715.8,5706.6
GENE_0700,9465.6,3901.7,3458.3,7415.6,9680.3,5321.5,5950.2,8497.8,4773.9,1284.4,104.9,5140.5,5416.2
GENE_0701,1563.4,1272.4,3794.2,7356.9,538.1,7256.9,9745.3,7077.9,2498.6,6090.9,7070.8,1839.2,4675.4
GENE_0702,9862.6,7986.7,5027.3,2765.5,4283.4,9417.4,8815.1,8142.1,3058.8,8580.6,9475.1,4071.1,6790.5
GENE_0703,3134.2,910.5,804.0,7302.2,9449.2,1659.5,583.5,7436.7,5546.1,4933.6,8744.8,9622.0,5010.5
GENE_0704,4245.6,5091.7,7310.7,4801.8,5155.0,9979.6,8881.9,6981.8,4060.7,6166.7,9109.8,7461.7,6603.9
GENE_0705,7144.5,7028.9,7499.2,2449.8,7392.4,9509.2,8235.4,8804.5,5285.8,6095.8,6077.7,9646.8,7097.5
GENE_0706,6748.5,8820.5,5239.9,2258.4,760.5,8395.7,5141.7,9525.3,4233.0,3797.2,3739.1,1141.2,4983.4
GENE_0707,9141.3,2505.2,5395.8,7666.5,1187.5,2998.8,2942.5,2138.5,7382.9,5692.7,2182.5,3055.1,4357.4
GENE_0708,9331.8,6433.3,8259.0,363.9,4635.9,6181.3,4887.8,3563.9,6159.1,3292.2,3545.4,61.5,4726.3
GENE_0709,8903.1,1869.7,3551.8,1022.4,4925.5,856.6,5148.0,1545.6,1247.2,4879.2,1564.7,6569.8,3507.0
GENE_0710,2268.7,3959.6,2999.9,4289.1,1830.0,8117.3,1095.9,4391.3,8395.2,1626.7,3543.8,4345.3,3905.2
GENE_0711,3598.8,8706.4,1992.7,1903.8,412.2,3951.5,7441.8,9011.0,1611.5,1997.9,4798.2,6655.8,4340.1
GENE_0712,2665.3,4216.7,5505.7,8000.2,7146.1,3255.6,7646.3,8818.8,5023.6,9236.4,8432.2,3894.6,6153.5
GENE_0713,1106.2,1087.7,221.3,1563.9,5005.0,7676.2,2372.7,6786.3,3428.0,9764.6,7376.9,4348.9,4228.1
GENE_0714,2901.8,4864.4,7611.4,2485.0,1533.4,5117.3,2502.2,7669.6,8643.0,9942.6,2481.1,8207.9,5330.0
GENE_0715,1992.1,7067.5,8101.4,7014.4,5028.3,1820.1,9925.6,5916.1,6348.4,2301.5,1331.6,393.3,4770.0
GENE_0716,9904.1,9291.7,4268.8,6168.5,918.4,519.0,4078.9,3071.4,6336.8,2322.0,3368.4,4797.2,4587.1
GENE_0717,5103.5,6442.3,3049.9,2699.8,2812.8,3516.7,4186.6,3205.2,485.1,418.5,530.8,7450.1,3325.1
GENE_0718,2127.7,4725.9,9085.7,1016.6,1856.6,9483.8,3642.2,3050.5,977.9,146.5,5522.2,8621.1,4188.1
GENE_0719,3318.8,7415.5,3620.2,7790.3,5293.3,3722.2,6506.0,2108.2,3846.7,8873.1,1313.5,7428.4,5103.0
GENE_0720,1212.3,5869.7,9122.6,6547.0,1912.4,7049.6,9255.8,758.0,5470.3,3435.6,7256.3,9896.5,5648.8
GENE_0721,2028.0,7210.5,447.7,1925.2,5509.5,2532.7,8772.0,8535.8,9069.1,9751.5,8950.2,4490.3,5768.5
GENE_0722,7176.1,9109.4,686.4,4195.9,9314.0,5043.7,228.5,5995.5,6970.1,1298.1,464.0,5666.1,4679.0
GENE_0723,7946.0,6941.1,7409.7,3981.0,6850.1,8703.9,9715.7,1663.5,7509.8,3847.7,7795.9,4014.5,6364.9
GENE_0724,2722.2,1848.8,1608.4,2185.9,6970.3,8792.8,7908.6,4559.9,7080.5,5255.5,3041.1,2211.2,4515.4
GENE_0725,7085.5,5526.0,1719.4,465.7,2389.8,400.5,1489.9,8837.2,9273.2,2711.6,7908.3,6427.7,4519.6
GENE_0726,2497.6,8235.9,5350.6,24.0,3481.1,6055.5,3697.4,841.6,7057.6,5497.3,7223.6,4089.3,4504.3
GENE_0727,6118.7,3253.1,582.1,8161.1,8241.1,2200.6,9652.6,1775.6,9716.3,5378.5,9787.8,7784.1,6054.3
GENE_0728,7807.3,1073.4,7460.2,3826.0,6541.7,8701.6,6346.7,5513.3,8170.3,2214.2,2695.2,5820.8,5514.2
GENE_0729,8079.3,7531.4,1564.9,2324.9,7265.6,3692.7,9022.7,946.0,1823.3,1858.4,8624.9,1896.7,4552.6
GENE_0730,4910.3,7297.5,6479.2,220.3,1637.6,1785.6,3948.0,6082.1,703.8,729.8,2460.1,9092.2,3778.9
GENE_0731,9704.2,1011.3,5272.5,7270.4,8081.8,6036.9,3785.0,217.0,8267.4,7636.8,6448.4,447.0,5348.2
GENE_0732,2490.9,845.1,1434.9,6277.6,144.8,9663.9,9576.6,1072.3,7364.0,3390.5,7077.5,2031.2,4280.8
GENE_0733,4809.5,5632.9,4448.8,1639.8,3324.2,1553.6,568.2,6923.5,6278.6,1239.5,8251.0,1037.1,3808.9
GENE_0734,2974.4,5120.3,8366.5,1426.9,9122.5,249.8,4277.1,1482.3,6557.1,2266.6,8791.1,3853.6,4540.7
GENE_0735,8843.4,8229.6,1133.0,1703.9,1110.3,1026.3,9558.9,3579.5,6160.8,1192.3,9234.0,9199.5,5081.0
GENE_0736,8956.9,6049.0,1788.9,5309.5,6000.1,6797.5,1510.7,6676.1,3022.6,8177.4,3490.4,1048.2,4902.3
GENE_0737,9163.2,6620.7,9329.5,8109.1,7116.0,772.9,31.8,9331.6,1494.9,6562.0,3209.4,3912.1,5471.1
GENE_0738,7216.2,7857.6,4789.5,682.5,5782.7,9596.3,2792.0,913.6,9947.8,1826.9,3856.3,3200.0,4871.8
GENE_0739,4244.1,6937.3,4145.3,7937.1,3341.3,8023.4,6543.0,2466.6,4192.4,4976.1,5342.4,5329.4,5289.9
GENE_0740,8215.8,3852.4,5813.8,4224.2,5783.0,6938.1,7485.4,7033.9,2359.6,38.6,9939.1,181.4,5155.4
GENE_0741,5588.2,9576.6,9209.8,605.2,3500.0,8489.0,8669.1,8191.9,2954.0,1450.0,8534.6,9718.5,6373.9
GENE_0742,9130.4,2432.5,8279.9,568.1,1386.6,9620.9,7042.6,3780.8,273.2,9649.5,3723.1,7017.0,5242.0
GENE_0743,6630.8,747.0,8376.0,8706.1,311.6,3658.8,799.1,779.9,5696.1,8139.0,1505.7,1832.4,3931.9
GENE_0744,7438.1,7483.6,6988.7,3002.1,4121.1,3380.0,7816.2,6955.5,2874.8,1567.3,8812.8,330.9,5064.3
GENE_0745,7513.8,5037.9,118.6,8328.5,6802.2,8761.0,5546.0,8296.9,9192.3,5023.7,7096.4,4242.5,6330.0
GENE_0746,1576.4,9731.5,5219.8,9779.5,1260.1,2126.5,6194.2,2196.9,1845.1,7462.5,5597.3,8418.7,5117.4
GENE_0747,8167.4,4689.7,3138.8,6422.5,8274.3,1656.6,8035.4,6470.0,1955.4,1092.9,787.3,6035.9,4727.2
GENE_0748,8467.6,290.2,2829.2,5420.3,662.5,5975.1,7567.6,3098.1,5521.4,6387.5,333.3,2699.0,4104.3
GENE_0749,9766.9,5652.3,5641.8,7904.4,466.3,3152.7,9435.7,94.7,3572.9,2831.2,3987.4,1956.9,4538.6
GENE_0750,7520.9,7259.6,9738.8,7029.5,982.8,4078.8,7417.1,1019.0,8076.9,1510.4,5875.9,3827.3,5361.4
GENE_0751,5867.7,8521.8,2908.3,1523.9,4636.4,8853.2,942.0,7187.4,8845.2,8076.7,6545.7,7690.6,5966.6
GENE_0752,1618.9,9637.0,5167.8,7289.9,6517.4,9303.0,3420.7,7855.7,3396.8,3609.6,8561.0,4314.7,5891.0
GENE_0753,8907.9,7744.0,3882.5,2096.1,6107.8,759.2,1532.5,6281.6,4980.3,8049.2,1434.8,8705.9,5040.2
GENE_0754,5475.9,9689.8,7816.6,880.8,950.2,3144.0,9341.2,1623.1,2808.4,3639.6,901.4,1800.1,4005.9
GENE_0755,7721.7,2586.9,4737.9,2567.7,8767.8,6506.4,1413.1,1248.4,5691.6,405.5,8591.4,4015.4,4521.2
GENE_0756,8571.4,9172.2,1298.6,3673.7,8449.9,9520.9,3743.1,6825.2,5064.4,2635.6,8756.6,6828.7,6211.7
GENE_0757,6209.9,6442.2,7413.0,2455.7,8214.1,89.4,8532.1,2913.7,1590.5,3998.8,739.1,3888.3,4373.9
GENE_0758,4628.2,944.1,4664.1,6428.4,9002.3,4653.9,867.4,7320.5,9175.4,9225.7,7684.5,2002.7,5549.8
GENE_0759,3293.9,3179.7,9964.4,4868.1,7025.9,4767.4,2791.0,392.4,1565.9,4705.0,6405.8,3208.7,4347.4
GENE_0760,322.9,6014.8,3809.0,9365.2,3621.3,4306.8,4739.4,550.2,8681.5,9526.9,6839.9,2705.8,5040.3
GENE_0761,6360.5,845.1,701.9,4056.6,2990.4,7124.9,8714.2,5252.5,6699.7,2601.9,8307.2,933.5,4549.0
GENE_0762,9017.4,3426.8,7534.2,1653.7,3499.3,4196.8,4760.2,6891.4,1615.3,6969.9,3553.4,6932.1,5004.2
GENE_0763,3897.5,109.2,7832.9,5975.3,787.3,6682.9,6169.0,3244.1,9863.8,9390.3,7430.9,7369.8,5729.4
GENE_0764,3172.0,1513.6,4592.0,1483.4,8644.4,1144.9,9700.1,4069.8,5211.7,46.7,4511.1,8326.8,4368.0
GENE_0765,1265.9,4498.8,9694.9,983.5,2194.0,9790.5,4207.6,5465.4,1669.3,3781.8,3487.4,9524.2,4713.6
GENE_0766,9717.7,5772.6,153.6,8139.7,171.8,8967.6,5025.8,8678.9,6996.2,6492.6,4565.4,4109.8,5732.6
GENE_0767,3528.6,5429.2,5236.5,7653.2,1142.7,1766.4,4289.6,1777.2,5953.0,5432.2,3821.8,8452.5,4540.2
GENE_0768,6888.6,4380.6,2839.7,6207.6,9252.1,8571.4,9953.7,8061.3,1047.1,6499.7,6166.4,4118.7,6165.6
GENE_0769,4969.1,7519.8,9273.0,1006.0,4446.6,5816.5,336.0,2906.1,4212.2,2236.6,4551.8,3817.0,4257.6
GENE_0770,1963.6,4701.0,1253.2,9676.5,9141.2,4135.2,8206.0,7041.3,7414.1,86.0,3752.7,2247.1,4968.2
GENE_0771,2843.2,8797.3,2652.3,8386.5,7953.4,4153.0,2423.1,9002.9,4151.4,165.1,1542.2,3750.3,4651.7
GENE_0772,8168.9,8202.1,6003.5,3357.5,9592.0,9928.4,2425.9,9735.2,1934.7,6447.9,8287.2,8015.3,6841.5
GENE_0773,5782.8,1297.4,6366.4,9773.8,1745.4,9042.7,5177.6,4379.6,1004.8,8013.7,5047.5,6318.1,5329.1
GENE_0774,7845.0,8431.9,6276.9,2609.7,5533.5,9487.5,2045.6,941.7,4379.8,6292.7,5936.9,287.9,5005.8
GENE_0775,7078.7,9206.7,796.9,3830.2,7426.0,1314.2,4542.5,6318.7,3587.6,2404.8,8980.1,2976.3,4871.9
GENE_0776,5358.8,2460.1,7802.5,7862.6,7706.2,6596.0,2756.9,9350.4,6278.1,6387.5,5797.8,1043.2,5783.3
GENE_0777,4596.7,5963.0,1079.7,2831.8,8947.1,936.8,4947.5,3620.4,8384.8,3914.1,4915.5,229.4,4197.2
GENE_0778,745.0,9592.6,772.4,6876.5,3758.8,3142.7,9083.9,8087.4,1806.3,111.3,1795.0,5677.3,4287.4
GENE_0779,6070.5,324.2,9759.4,9937.5,4844.3,6143.9,5469.4,1592.3,7419.6,9266.6,1936.5,305.3,5255.8
GENE_0780,240.2,5122.3,1531.9,8670.1,1156.7,2177.4,3282.1,2205.4,7280.2,9399.1,2683.2,4820.9,4047.5
GENE_0781,9532.8,3492.0,5519.5,2950.3,7454.5,4963.1,5131.4,4005.4,1938.6,1737.9,6873.7,8874.3,5206.1
GENE_0782,2818.0,3934.3,5840.6,7666.8,3122.7,7943.1,9538.1,4883.4,8829.7,4243.1,7473.3,8160.8,6204.5
GENE_0783,6232.9,6076.9,4298.8,5675.7,3745.9,6330.7,652.0,1680.8,347.3,5118.5,5872.8,2941.8,4081.2
GENE_0784,8268.6,6454.5,9651.8,3529.0,309.1,1807.2,3233.6,7911.1,3583.9,735.7,6573.0,3725.9,4648.6
GENE_0785,7797.4,1231.8,3192.7,118.9,3295.4,4659.1,7954.4,8988.5,5620.8,3862.1,6022.0,5277.4,4835.0
GENE_0786,1038.2,2787.7,6083.0,8834.8,8600.5,757.5,8927.7,4223.3,7564.5,3184.7,3208.0,1979.3,4765.8
GENE_0787,8029.2,4991.5,9902.7,4218.2,1249.7,1719.7,3275.5,3834.7,5768.4,2857.5,6440.2,8562.5,5070.8
GENE_0788,9879.7,9117.3,2850.8,8418.0,4034.1,8959.3,9181.2,400.8,6451.3,703.8,960.2,8027.1,5748.6
GENE_0789,7235.3,2754.0,7539.4,4009.4,5568.9,3138.6,6127.1,3939.3,6967.6,4551.3,8488.2,9671.9,5832.6
GENE_0790,1222.9,3745.3,6183.6,302.6,487.9,113.9,1060.3,3235.4,6879.1,4362.5,1710.2,1919.7,2602.0
GENE_0791,9023.7,3695.1,9029.8,9895.8,9341.8,8681.5,2604.3,7851.6,1116.9,9472.0,759.7,3300.0,6231.0
GENE_0792,6131.4,8126.7,2706.4,1711.7,1386.3,4612.3,1271.6,8620.3,7532.8,8879.1,9658.7,4138.8,5398.0
GENE_0793,4473.3,1232.5,5280.6,5783.1,6616.1,9763.7,3225.9,7311.3,2266.0,2645.5,2969.4,837.1,4367.0
GENE_0794,5589.6,8730.0,6598.2,7355.3,2066.9,789.4,9717.9,612.1,141.1,2169.2,8186.9,1887.3,4487.0
GENE_0795,1054.3,2094.5,5909.3,5281.2,8586.0,7607.3,3125.1,4545.7,1548.4,5050.1,9142.1,2195.7,4678.3
GENE_0796,3642.8,9750.9,8679.9,5139.5,7802.4,1887.7,2785.6,1650.3,3078.4,8699.6,6487.3,1481.4,5090.5
GENE_0797,8763.2,7452.8,2413.2,8942.0,1878.4,295.6,6622.2,4531.9,2663.1,9270.0,849.8,4320.4,4833.6
GENE_0798,1514.7,5026.9,5084.2,541.0,2733.2,987.1,6489.7,7322.7,4231.7,2947.1,4032.9,5944.6,3904.6
GENE_0799,5300.3,4941.2,4341.3,6814.8,6467.0,9590.1,2203.6,540.8,366.5,2669.1,667.8,1019.3,3743.5
GENE_0800,2272.4,6206.0,7161.1,3925.2,1022.0,7341.9,8796.5,2690.0,2065.0,7859.4,3482.9,2887.0,4642.4
GENE_0801,5967.2,7341.5,951.5,5037.4,7007.7,4772.8,3060.2,9067.6,2393.8,3158.0,703.9,1881.6,4278.6
GENE_0802,8999.7,1426.9,137.2,4751.3,3347.2,1783.4,2645.7,779.0,6795.2,8532.4,5944.1,9695.7,4569.8
GENE_0803,5835.8,4888.2,2482.6,1102.8,8191.1,5677.0,9904.2,8355.2,5257.4,1681.4,1474.4,948.2,4649.9
GENE_0804,3053.0,7364.5,4531.6,7350.8,9898.0,2580.8,4870.1,3649.3,145.5,3532.7,7104.5,8914.8,5249.6
GENE_0805,7747.5,8571.0,9022.6,5961.5,1136.5,6861.0,7284.9,217.1,9786.6,8564.1,6597.1,1424.9,6097.9
GENE_0806,4983.3,2451.2,7412.7,9733.2,3600.6,7446.2,1946.5,9548.6,6391.0,9654.9,8772.7,6791.2,6561.0
GENE_0807,8993.2,4498.2,9583.5,5273.8,2660.4,6793.9,8881.1,3916.4,4178.8,9939.5,3100.1,420.6,5686.6
GENE_0808,5205.6,3439.3,6127.6,4340.3,4555.7,9681.8,7925.5,2891.2,9695.0,4994.3,6858.4,4668.5,5865.3
GENE_0809,1510.8,9667.0,6241.7,6646.6,3043.4,2889.7,7999.9,165.8,419.1,2837.3,5934.8,541.4,3991.5
GENE_0810,3065.2,4308.9,6605.9,16.4,2521.8,3508.7,2839.8,8591.5,6656.6,7691.2,1558.8,869.2,4019.5
GENE_0811,2714.0,9959.2,1975.3,5856.4,816.4,2196.4,4737.0,3552.8,8119.0,6374.1,4231.4,9669.4,5016.8
GENE_0812,990.4,2620.0,3027.2,3114.3,5643.4,6792.4,3231.6,5785.9,6836.4,2003.1,1365.6,5547.3,3913.1
GENE_0813,3017.6,865.1,5671.0,6286.9,5462.8,3765.9,8760.5,4374.6,1394.7,4424.6,3139.5,9349.4,4709.4
GENE_0814,7128.9,4689.1,4282.4,4210.9,4108.5,286.5,5593.5,9575.3,4215.0,7561.0,6155.9,3030.9,5069.8
GENE_0815,2434.0,5126.9,1281.5,5437.3,5660.1,2940.5,7555.8,3932.7,4035.4,69.5,8076.7,8750.4,4608.4
GENE_0816,4607.6,552.9,556.4,8300.6,6502.3,3341.5,983.0,2912.9,4819.9,3319.8,618.0,7407.3,3660.2
GENE_0817,6747.4,7396.2,539.7,2058.6,1450.1,7406.8,4958.1,2243.2,6760.1,8524.0,3015.9,3115.8,4518.0
GENE_0818,9891.7,74.4,4854.7,6880.9,1155.9,10.4,6041.9,1219.1,977.7,2050.9,4742.7,8328.9,3852.4
GENE_0819,4443.7,566.0,1226.9,4051.5,9827.1,8204.5,8418.8,5471.7,8218.6,6816.4,8594.5,6175.4,6001.3
GENE_0820,4329.2,6365.6,1856.2,8187.3,6578.1,1716.0,7419.2,5471.3,4766.8,2907.5,6678.7,9591.3,5488.9
GENE_0821,4934.7,6680.3,3918.0,6979.6,1082.3,4174.8,4254.1,289.4,4576.3,5646.4,120.1,3034.6,3807.5
GENE_0822,6454.6,8933.3,6202.6,435.9,9071.5,9628.3,4684.4,7233.4,2776.3,9817.7,3583.9,8559.8,6448.5
GENE_0823,5037.0,3494.9,7065.2,3912.3,637.0,6562.6,3525.2,7194.9,3399.5,7154.7,7869.1,2790.6,4886.9
GENE_0824,7628.4,3036.3,3945.3,9162.4,6454.9,3771.5,4722.8,6593.1,5764.6,9274.8,7756.2,5259.1,6114.1
GENE_0825,1302.9,3247.5,9552.4,3487.5,6178.6,4043.7,458.8,8521.8,1600.2,974.4,1071.1,9343.0,4148.5
GENE_0826,4769.4,7601.5,9813.5,8087.5,7329.1,2373.8,8998.9,1748.2,8925.8,7560.6,4206.4,653.1,6005.7
GENE_0827,6122.9,1153.6,8469.6,738.1,7635.9,6069.3,8408.4,9236.3,3218.4,6990.3,3782.5,9888.8,5976.2
GENE_0828,5742.1,2005.3,2532.4,4380.8,2868.0,2019.9,1629.3,8140.2,8088.6,1931.0,5825.3,6294.9,4288.2
GENE_0829,6689.9,2043.4,8102.0,8934.0,3602.0,4086.2,5470.3,728.9,1861.2,7302.5,9110.8,6425.9,5363.1
GENE_0830,4966.8,8325.7,5708.0,4742.6,3527.5,6188.6,5591.4,1387.4,680.9,4280.8,3767.4,718.0,4157.1
GENE_0831,790.7,7826.0,2989.3,1188.1,2313.4,6018.9,3315.9,2248.0,9406.8,9223.5,2521.3,7035.7,4573.1
GENE_0832,688.8,8716.0,9681.5,757.0,5757.8,8533.4,9318.8,5005.5,3998.2,575.9,6978.2,1117.6,5094.1
GENE_0833,4715.1,9174.7,2637.9,309.5,3387.1,2616.2,3352.1,7649.7,1401.5,5475.4,7341.4,9242.5,4775.3
GENE_0834,6636.7,8783.9,2363.8,738.4,9480.5,9044.2,7033.9,7658.1,363.3,9810.7,9499.6,5985.5,6449.9
GENE_0835,6128.2,815.1,5518.7,9466.5,2712.4,427.0,365.6,5081.0,6506.9,4320.8,3041.1,8499.8,4406.9
GENE_0836,9714.9,224.2,563.0,7738.4,8115.5,5346.5,8604.3,6822.6,7381.9,5529.4,530.9,7659.2,5685.9
GENE_0837,6957.5,4302.9,4274.1,1386.3,4385.1,8972.5,9825.5,3683.4,1944.5,4370.9,588.6,2328.0,4418.3
GENE_0838,5890.3,2279.0,7477.3,8884.5,7933.9,5684.8,9909.5,158.8,7201.1,8128.1,775.4,1275.9,5466.6
GENE_0839,1814.1,446.8,3503.2,6555.5,2450.0,2931.2,6065.2,4792.2,1232.5,777.3,2509.5,5441.0,3209.9
GENE_0840,4954.3,7354.8,3576.0,9151.9,2210.7,7134.2,9414.9,7804.3,2933.9,6539.9,5273.2,2682.7,5752.6
GENE_0841,6980.7,5039.4,549.4,9005.2,7058.0,6222.5,2805.0,2043.5,1379.9,9759.6,2313.1,7421.7,5048.2
GENE_0842,2115.6,3730.2,8165.6,1428.2,9779.3,6986.4,6502.6,4543.1,1151.2,4994.1,347.2,2786.9,4377.5
GENE_0843,3847.9,8273.5,854.1,2798.1,6101.4,4958.6,8629.1,3852.8,453.7,2065.2,1852.4,4316.5,4000.3
GENE_0844,532.1,3058.4,5420.1,3484.6,269.7,6091.3,8932.8,9227.8,9075.4,8104.3,5913.7,7574.9,5640.4
GENE_0845,3416.0,8294.1,4346.4,4281.2,7295.0,7356.8,580.6,1101.0,3887.2,7215.8,6782.9,8586.6,5262.0
GENE_0846,9380.4,4640.4,5730.3,5687.3,5193.9,1633.9,3819.1,7458.9,9247.4,1327.4,161.7,7997.9,5189.9
GENE_0847,9510.2,864.5,2506.8,5432.6,3381.9,3952.1,6159.3,3623.3,6595.7,7826.4,8104.5,6083.9,5336.8
GENE_0848,1251.8,5688.7,3216.7,2652.5,1796.1,4632.6,4404.7,4669.7,9659.2,4807.3,8444.8,2186.2,4450.9
GENE_0849,595.3,9389.0,2771.7,6107.2,3147.1,649.8,1806.2,7662.1,2768.7,8691.9,1281.0,6307.1,4264.8
GENE_0850,1477.5,6183.3,505.3,1153.3,394.6,6847.6,8607.1,5803.1,429.1,7176.4,617.5,7148.4,3861.9
GENE_0851,2598.0,2581.9,6787.1,8576.3,3539.8,7186.0,6009.8,3503.8,784.0,4443.7,5115.2,2377.4,4458.6
GENE_0852,3264.6,3719.9,8228.7,4165.5,6422.5,8759.8,1439.4,3272.1,7883.8,3356.5,4087.3,6523.3,5093.6
GENE_0853,4712.1,9735.3,6222.9,1611.5,455.7,9303.8,9119.6,265.1,6094.3,8082.3,5112.9,7810.9,5710.5
GENE_0854,5086.7,5819.1,3447.1,2156.5,8309.0,335.7,7265.3,3817.1,9978.2,793.7,782.3,9355.8,4762.2
GENE_0855,2253.6,5039.9,5748.6,5486.8,4186.6,7333.1,8477.5,5282.3,523.8,4728.6,5249.2,4415.8,4893.8
GENE_0856,2699.1,8361.7,2937.7,2447.8,2438.3,7678.8,3626.0,4563.7,7484.4,1163.0,2418.1,7330.7,4429.1
GENE_0857,8803.5,3625.2,3526.3,5061.4,9147.2,6536.8,6056.1,4495.2,4194.3,5697.7,8269.6,1261.6,5556.2
GENE_0858,5380.8,7766.7,4082.1,5851.7,1390.0,2610.2,2876.0,3145.3,824.2,4216.0,9832.6,5764.4,4478.3
GENE_0859,6330.0,7728.7,8999.7,8765.3,165.0,1216.7,2641.1,5550.2,9302.0,7431.1,1272.7,350.4,4979.4
GENE_0860,4319.9,6903.6,9899.4,1332.5,8670.1,9187.0,9043.6,3550.1,4029.2,5573.8,7122.7,1199.1,5902.6
GENE_0861,8975.3,8984.6,5918.9,6170.1,9941.4,461.9,7390.1,3556.0,4494.5,4094.7,4503.0,8349.7,6070.0
GENE_0862,2900.0,4776.3,1354.7,1842.7,7661.9,9164.3,9366.8,847.1,8957.0,5939.6,3705.0,6497.6,5251.1
GENE_0863,3800.0,4391.5,5091.6,5884.9,9448.2,978.0,2980.5,3417.8,5645.7,8974.0,5802.5,8442.2,5404.7
GENE_0864,4272.6,3234.8,3192.6,1792.4,1440.5,8141.7,7348.9,9892.2,2114.7,5196.2,5755.6,6158.6,4878.4
GENE_0865,1003.7,2855.1,1194.3,2745.7,4394.8,8854.6,2891.9,9177.8,9888.2,7537.2,9245.9,6667.7,5538.1
GENE_0866,1418.6,2076.4,8389.5,7551.1,283.2,9026.4,9599.0,5402.9,7991.9,76.6,8326.7,267.5,5034.2
GENE_0867,2039.4,9418.6,5715.9,7323.6,5213.7,8312.1,2956.5,1105.1,7066.2,8449.0,4449.6,4328.3,5531.5
GENE_0868,2637.9,8646.4,9930.8,7319.0,1173.5,3543.7,799.9,7935.3,7276.3,3277.9,5075.5,2768.3,5032.0
GENE_0869,6309.9,5133.3,7772.7,7071.0,3155.0,9248.1,4339.4,9324.4,7944.0,3182.1,8415.9,6614.7,6542.5
GENE_0870,8777.0,366.0,6348.6,89.6,1377.4,3768.3,9432.2,6736.7,2660.2,1522.8,8140.5,7338.3,4713.1
GENE_0871,2833.2,1993.7,8759.9,9508.8,8573.0,7497.0,41.9,681.9,5581.8,2093.4,1789.4,4187.4,4461.8
GENE_0872,2638.1,3809.1,5843.2,6380.8,4847.5,6572.8,1808.8,3008.0,2326.6,2928.2,4855.7,7969.5,4415.7
GENE_0873,3928.2,3577.7,4814.8,974.4,1132.6,8810.1,7552.1,2879.8,9693.9,3260.7,6627.6,1167.0,4534.9
GENE_0874,4652.7,3195.9,1144.2,6972.7,7051.1,7739.1,4842.5,8049.2,4896.9,4125.9,2356.3,2916.4,4828.6
GENE_0875,5079.8,8899.2,7830.5,617.4,7720.3,2623.4,3183.0,3919.9,4425.1,3992.8,9124.6,2690.5,5008.9
GENE_0876,7284.6,3405.0,8187.1,3092.0,4104.0,5729.3,1673.7,2069.9,6256.6,9479.3,6136.9,3303.5,5060.2
GENE_0877,6053.6,209.0,7225.1,8026.1,911.6,7050.3,9123.2,7670.8,5533.4,6552.8,5191.3,3627.4,5597.9
GENE_0878,1992.4,1578.4,5361.6,8598.6,2301.1,8014.8,9107.4,3321.7,2164.0,7336.0,9400.7,370.4,4962.3
GENE_0879,210.1,9404.1,1034.2,3985.4,4854.2,1577.9,3021.6,2307.8,7726.4,2480.6,2731.9,1245.2,3381.6
GENE_0880,7842.7,6556.2,1320.6,7407.9,2707.3,858.3,748.2,7223.9,7626.2,4159.6,157.3,8304.2,4576.0
GENE_0881,6052.7,1527.0,7361.4,7928.3,1950.9,6060.9,3128.8,3244.0,5128.4,244.1,2747.8,2034.6,3950.7
GENE_0882,2650.1,6563.9,4719.3,2919.5,939.7,9669.2,5614.4,4838.7,9077.6,5336.7,2453.7,182.0,4580.4
GENE_0883,4975.4,3942.5,3733.6,5470.3,1092.0,2248.4,9752.2,3979.5,2328.8,3704.5,5635.9,6431.8,4441.2
GENE_0884,3331.0,8098.7,9758.4,962.9,1700.9,8649.6,4903.2,2507.2,1421.9,6168.7,4740.4,7233.1,4956.3
GENE_0885,5670.7,2332.0,7676.4,2527.7,3121.4,3385.3,1514.6,3221.2,5657.5,4071.3,65.7,6907.1,3845.9
GENE_0886,7552.8,7949.0,5460.4,3137.0,6523.6,3225.2,7091.6,5149.2,8587.9,9927.6,823.5,1059.4,5540.6
GENE_0887,6995.6,3763.1,7571.3,1629.3,7484.0,1670.3,4381.6,9719.4,400.2,4247.6,1715.5,8033.5,4800.9
GENE_0888,4877.1,7492.4,5475.4,4000.1,2974.5,4360.4,2949.3,9220.5,6770.1,5229.6,6154.9,3722.6,5268.9
GENE_0889,6505.7,1423.8,5237.3,2052.6,6143.9,7147.6,5198.6,2519.9,4634.2,9362.7,9271.5,7204.1,5558.5
GENE_0890,8525.4,1362.0,5248.5,8295.8,108.1,4168.9,1512.0,679.8,9770.0,3125.3,1884.9,6943.5,4302.0
GENE_0891,5381.9,3317.0,620.5,4692.3,1573.0,3511.0,5596.0,2268.0,6291.9,9279.5,2753.1,8209.3,4457.8
GENE_0892,8682.3,5848.8,3064.4,6248.8,4038.7,2554.9,5414.8,6597.1,784.0,1532.7,7309.3,2807.1,4573.6
GENE_0893,2636.7,1032.2,7970.9,5877.3,7662.9,3308.3,7722.1,5925.8,2779.6,8074.9,8714.7,6688.3,5699.5
GENE_0894,4739.3,1689.3,7835.8,9891.0,922.5,8035.5,1473.5,1656.5,8747.4,3240.1,8960.6,531.4,4810.2
GENE_0895,5121.9,4402.5,6651.8,3277.6,5008.7,1181.8,5605.8,3779.3,3861.4,4750.0,3124.5,5224.6,4332.5
GENE_0896,5311.5,8834.0,8423.5,9554.0,9455.4,8337.7,7116.4,8400.4,5609.3,4906.0,7891.8,6856.8,7558.1
GENE_0897,5583.5,4359.8,3488.3,262.7,3663.2,4666.1,6703.7,7287.6,2145.7,5602.3,9979.0,9394.7,5261.4
GENE_0898,3830.7,1798.3,7478.8,116.6,4426.4,5264.8,66.1,3110.8,950.1,3695.0,2545.1,9216.4,3541.6
GENE_0899,6071.7,344.9,2756.8,4792.6,448.7,6958.0,2537.8,6256.5,9711.7,8235.0,8633.2,9276.5,5501.9
GENE_0900,9972.3,6326.1,4908.1,4739.7,8750.6,7508.4,8076.2,391.6,298.1,8943.7,1540.4,7364.6,5735.0
GENE_0901,8710.4,1325.2,4201.5,8459.6,569.9,6378.4,632.6,983.8,5445.4,9834.2,1949.9,6143.9,4552.9
GENE_0902,176.6,8374.4,8483.8,3171.6,7096.0,9058.2,5872.6,9443.6,5168.2,9406.0,4037.7,8378.8,6555.6
GENE_0903,6699.7,658.9,8252.2,5020.2,7292.3,848.8,4439.6,2762.5,1994.8,5059.6,1738.0,7470.8,4353.1
GENE_0904,8380.2,42.2,2744.9,3513.3,3421.1,5686.1,6966.0,5666.2,4635.4,1171.5,914.7,7298.2,4203.3
GENE_0905,1864.7,5915.6,9658.0,7669.6,7889.5,2183.1,3751.6,821.9,7245.5,2474.9,8374.7,6426.8,5356.3
GENE_0906,9015.8,1918.9,7560.8,1336.0,542.8,7062.1,1788.3,1412.9,3162.3,2267.3,1890.6,8836.9,3899.6
GENE_0907,1779.3,2956.4,6978.6,2652.8,4904.0,5791.2,3495.1,6421.8,4502.2,6314.0,8319.0,376.9,4540.9
GENE_0908,8348.9,3863.0,5384.1,2114.5,7024.9,3475.7,8111.0,7964.8,2082.4,6999.5,5042.6,8300.3,5726.0
GENE_0909,7945.0,916.7,7736.4,2589.6,4682.2,324.2,1161.8,6586.7,1872.4,1406.8,5872.3,3729.1,3735.3
GENE_0910,3785.3,5888.0,348.2,7015.9,6298.4,8694.6,88.9,4219.9,3353.8,6482.3,1011.1,9132.4,4693.2
GENE_0911,3069.7,4673.7,1869.7,227.3,8094.1,4569.9,5763.9,4355.3,3999.3,8342.6,2533.2,3738.4,4269.8
GENE_0912,3385.4,6788.8,3008.7,9707.9,8775.6,7634.1,9009.6,5074.5,4215.6,7743.0,9540.3,4013.5,6574.8
GENE_0913,295.3,5126.9,9224.3,8867.1,9652.7,9429.0,1992.6,9724.6,7521.0,1307.6,3338.1,9599.5,6339.9
GENE_0914,9703.5,3099.6,7660.6,8016.9,4592.5,1661.8,18.4,1483.4,8830.7,3019.8,812.9,2369.5,4272.5
GENE_0915,2041.2,910.8,2454.9,6850.3,8458.2,3748.8,4778.7,3453.7,4713.3,6871.0,6990.8,9129.2,5033.4
GENE_0916,6687.7,8315.2,7065.2,7632.9,967.3,1293.7,7632.8,1343.9,7734.9,8981.2,8199.7,7306.4,6096.7
GENE_0917,4251.7,3944.6,725.9,4888.2,7406.9,5868.4,2224.7,6089.1,7680.8,3697.6,3405.1,8234.1,4868.1
GENE_0918,6109.6,7519.3,9146.7,6459.3,1389.4,1887.8,2120.2,4359.7,3402.5,6543.9,4262.9,2856.8,4671.5
GENE_0919,3874.3,8214.5,357.9,9585.5,4223.2,1643.8,6826.6,8344.0,4654.6,835.6,6863.8,1023.0,4703.9
GENE_0920,8626.0,8037.5,132.1,3197.1,5751.1,3846.1,4552.4,4866.5,9599.6,4023.0,7715.9,3036.5,5282.0
GENE_0921,2593.9,6344.8,6040.3,8026.2,4508.2,3734.5,4740.7,3357.3,5354.9,3655.0,7857.1,9807.5,5501.7
GENE_0922,5321.8,3840.9,6750.4,1512.4,3377.8,9342.4,5905.6,1984.2,8130.2,7279.0,4555.3,495.0,4874.6
GENE_0923,2824.3,1224.3,4901.3,3677.4,8892.8,6867.0,2530.7,3381.2,2968.5,8193.5,5432.1,1795.5,4390.7
GENE_0924,3575.3,185.0,3253.1,6363.5,5961.8,3578.9,375.8,7389.4,2493.8,849.6,954.8,7270.6,3521.0
GENE_0925,6332.9,4316.7,2754.2,9718.8,6893.0,2448.6,8257.5,8350.8,7329.6,5240.4,4589.6,774.6,5583.9
GENE_0926,3734.2,1476.0,9768.7,6381.8,8821.5,3825.3,9802.9,796.9,9275.1,7495.2,4231.1,233.6,5486.9
GENE_0927,9504.1,2576.0,6532.4,8830.4,8370.2,4340.0,1173.1,1924.5,2617.1,3039.0,5145.3,8543.9,5216.3
GENE_0928,2445.1,7991.6,3748.6,4734.5,7609.6,4375.1,7471.2,7785.3,2775.8,6717.7,6050.2,9098.4,5900.3
GENE_0929,6785.3,2734.1,4077.8,197.0,4149.1,1306.4,2677.9,5994.8,9759.2,3188.4,2221.0,190.5,3606.8
GENE_0930,3252.8,646.6,2885.4,7123.2,8271.5,5883.3,6351.4,3294.2,3896.5,9299.4,135.5,3412.6,4537.7
GENE_0931,3470.2,4449.4,4624.9,7428.3,2114.3,6980.3,6733.1,2564.4,332.3,8524.4,9677.6,6317.5,5268.1
GENE_0932,5617.6,3459.5,2083.4,9848.8,3698.2,2925.3,3160.2,6748.3,305.4,6252.4,1675.7,3522.7,4108.1
GENE_0933,4321.0,9958.3,243.8,9733.8,5568.8,4912.7,2354.8,9212.6,1325.7,6075.1,8498.2,978.8,5265.3
GENE_0934,2190.9,9921.4,5711.7,1794.4,1599.6,7777.5,7347.3,4017.2,4091.1,7515.3,4187.6,5996.5,5179.2
GENE_0935,3200.8,3638.1,1065.3,8848.7,9602.8,7619.9,3184.6,5360.9,3927.8,8592.0,4953.4,4644.5,5386.6
GENE_0936,8263.1,4500.1,9239.9,1784.5,2891.2,5331.3,3347.2,4645.6,1731.0,9073.7,3839.7,6534.5,5098.5
GENE_0937,9742.7,4108.8,6367.8,6192.6,1394.3,6203.0,9989.1,5999.7,7324.2,9455.4,3257.0,2506.9,6045.1
GENE_0938,5697.4,4724.4,918.8,3709.3,7432.2,8836.3,6544.6,5525.1,8635.7,8504.6,1622.2,3697.0,5487.3
GENE_0939,8747.8,1760.4,9372.0,9214.6,3234.0,2936.9,8945.5,2078.0,4617.2,2458.0,6036.5,9897.2,5774.8
GENE_0940,7969.6,9728.3,5007.1,1120.5,6044.0,3319.3,9202.4,1601.1,4627.5,9625.1,78.8,332.9,4888.1
GENE_0941,6772.0,8672.0,9955.4,8623.1,713.0,4176.7,2607.7,7162.6,1218.6,7768.2,6474.4,5346.4,5790.8
GENE_0942,247.0,4813.3,7263.1,2936.7,3990.0,8224.9,7689.9,3640.1,7169.1,5120.5,6499.8,4291.6,5157.2
GENE_0943,1249.3,1468.4,2632.4,8254.0,7538.2,1126.7,1697.8,4134.8,3404.9,9130.6,7957.6,2108.7,4225.3
GENE_0944,980.3,6423.9,750.0,8993.0,4920.9,2454.8,2607.4,2960.0,4452.3,7875.9,6998.6,5686.6,4592.0
GENE_0945,5948.3,7615.6,1488.8,2891.4,2218.0,3714.8,3633.6,2919.3,9448.5,1591.4,6342.6,4758.1,4380.9
GENE_0946,4404.2,2955.8,7439.9,6953.9,1473.8,2930.4,3848.4,6371.3,289.8,2124.5,3036.5,5846.5,3972.9
GENE_0947,2601.6,7214.2,7457.1,9961.2,4064.4,6188.4,1712.4,3448.7,1567.2,8527.6,3149.8,3749.9,4970.2
GENE_0948,8655.4,4857.6,1699.5,5257.1,1762.1,8972.4,152.2,9470.0,3430.2,3100.0,2250.9,2790.4,4366.5
GENE_0949,7782.4,7894.8,6503.5,3571.4,4598.6,9127.9,9064.0,8401.4,8459.0,7833.0,5245.9,2291.4,6731.1
GENE_0950,2033.3,6645.8,3990.9,997.4,3301.9,681.3,5537.3,5352.2,7415.2,8727.4,9704.7,569.2,4579.7
GENE_0951,5671.4,2487.2,2568.2,7397.0,6900.1,6511.6,2458.4,6899.5,4566.1,411.9,6095.3,5524.2,4790.9
GENE_0952,922.7,1908.2,8308.6,646.1,9032.3,5230.4,618.0,2283.6,5860.9,5816.9,4648.1,5374.0,4220.8
GENE_0953,7816.3,3195.4,6342.7,1972.3,1172.9,843.0,1982.0,5428.3,2157.8,4877.4,5697.6,5821.3,3942.2
GENE_0954,8612.8,1124.1,8866.3,7776.2,1956.0,8059.6,6148.0,4568.0,14.9,7548.1,6017.5,4931.1,5468.6
GENE_0955,1773.6,5077.9,5146.9,9514.8,3003.4,8673.9,2497.7,2760.1,5617.0,3095.0,4406.0,9772.5,5111.6
GENE_0956,9457.5,4880.9,3198.9,9743.8,4710.4,1639.7,664.9,4325.8,3053.4,9253.7,4437.6,6382.5,5145.8
GENE_0957,5390.5,1834.7,7790.1,7630.9,2140.0,5022.8,3207.0,5308.7,1038.1,3007.6,6099.2,5714.4,4515.3
GENE_0958,1554.4,1572.3,7666.3,7860.3,8525.0,6105.1,1579.8,9567.5,9811.7,6538.4,7889.6,7799.8,6372.5
GENE_0959,2701.1,9329.1,4725.1,8563.8,3043.1,1458.4,3343.9,3545.8,7454.7,4502.6,4258.7,3941.5,4739.0
GENE_0960,4177.1,7624.6,4046.8,9687.1,3542.6,8055.7,9750.1,7672.8,204.6,7046.3,2094.0,7169.6,5922.6
GENE_0961,2955.0,3741.0,3225.2,7911.3,3263.6,5604.1,2002.5,2157.6,5034.4,8565.5,1077.3,2438.9,3998.0
GENE_0962,3261.6,4802.0,7215.4,4704.0,9711.6,469.5,6597.6,6881.1,9089.8,4875.5,2808.6,6071.0,5540.6
GENE_0963,3756.4,1023.4,6399.9,2767.7,3700.8,9236.8,1119.2,1351.5,7500.8,3252.2,7754.7,4143.6,4333.9
GENE_0964,1526.2,1512.7,2995.6,2007.9,889.2,2459.8,5731.6,7630.2,2614.6,5315.0,2921.3,228.3,2986.0
GENE_0965,7723.3,689.4,7861.1,7116.9,3146.5,8535.8,9052.0,4463.9,8847.0,1849.6,4688.6,4613.4,5715.6
GENE_0966,3336.8,6779.9,7043.6,2561.0,7479.0,241.2,1200.7,4113.7,3969.1,4868.7,489.8,5288.7,3947.7
GENE_0967,9130.7,5127.5,171.9,4377.7,330.5,5047.1,7984.8,7903.5,4925.2,5752.4,6347.4,7347.0,5370.5
GENE_0968,5657.4,9742.5,7808.1,5322.3,7987.9,8464.5,886.4,9225.7,6104.2,9929.6,7521.6,7673.5,7193.6
GENE_0969,4315.2,2775.9,4518.4,8806.6,7392.0,6507.9,739.5,6481.9,3404.7,5281.9,6928.9,8203.9,5446.4
GENE_0970,4329.6,224.6,5751.6,73.5,8283.9,198.5,2260.0,4277.2,2595.9,2236.7,6748.6,3272.9,3354.4
GENE_0971,4583.0,6657.4,7701.6,5748.6,3552.9,8804.3,8673.8,1534.5,7732.2,2069.4,1824.1,272.0,4929.5
GENE_0972,6023.2,8448.5,7796.8,5405.4,9547.1,3281.3,3160.2,2308.7,2096.0,3036.3,4248.6,2718.1,4839.2
GENE_0973,9363.7,2180.2,3559.9,1381.7,8989.8,4402.0,8343.2,3757.4,4445.1,7442.0,7401.7,3810.4,5423.1
GENE_0974,4473.7,3997.8,2064.3,3811.2,8146.8,937.6,1759.2,9133.7,7247.9,1225.8,7568.5,1212.4,4298.2
GENE_0975,4896.2,6052.4,7499.3,3175.6,1917.9,9851.7,7999.9,3605.0,2560.3,1128.8,4575.0,82.5,4445.4
GENE_0976,8036.1,4009.1,8576.4,3553.3,9457.9,8367.0,4347.1,8479.6,3013.9,9997.1,853.7,6439.4,6260.9
GENE_0977,3903.0,4718.9,9513.6,2754.4,6477.1,3239.5,1416.0,2497.5,5650.1,1288.2,1566.0,6953.8,4164.8
GENE_0978,7625.3,621.2,8025.8,8664.8,6612.9,3723.3,4154.6,1583.3,1732.5,9363.6,9653.3,7422.2,5765.2
GENE_0979,8105.1,1824.3,8792.0,1102.8,1632.1,4980.6,3067.6,6256.9,9090.7,2659.2,3217.5,7834.9,4880.3
GENE_0980,3322.5,8889.3,351.9,8721.6,9136.6,474.5,3776.6,5989.1,5256.8,1590.1,159.2,8972.9,4720.1
GENE_0981,930.3,9882.0,1133.0,4762.1,9833.9,8562.8,5371.9,1352.7,6036.7,6372.2,3121.2,4700.2,5171.6
GENE_0982,9029.8,1290.7,6567.2,3662.2,6140.0,7166.0,4783.1,7489.7,8521.2,1970.9,2200.9,1306.8,5010.7
GENE_0983,9423.5,2263.3,831.1,956.9,4044.3,8870.3,1061.2,2270.0,1854.4,6597.1,3293.0,9739.8,4267.1
GENE_0984,6686.9,5204.0,5775.9,8837.0,7601.3,1325.8,4226.0,6615.4,5797.9,9346.9,351.9,9061.1,5902.5
GENE_0985,3856.4,489.7,1987.0,1829.9,1438.1,350.8,7949.8,1627.2,3232.1,5725.1,4843.6,3445.6,3064.6
GENE_0986,6290.8,8171.7,5776.2,4526.5,2156.2,6216.9,5463.3,1187.0,2800.3,7687.4,9239.6,3379.2,5241.3
GENE_0987,8926.3,2560.3,8071.8,4878.7,5493.5,6635.8,6683.4,3430.3,5195.5,640.5,3660.6,6426.5,5216.9
GENE_0988,9647.9,1271.0,2279.0,4579.8,1120.3,5509.1,2964.2,8734.3,3077.2,4367.3,9843.3,838.8,4519.3
GENE_0989,8671.0,5052.2,3981.6,9413.1,9985.5,1956.8,8401.7,2226.4,177.0,7336.8,3545.8,6013.4,5563.4
GENE_0990,1526.2,8600.7,5255.2,8004.6,3632.9,2311.9,9472.2,5313.4,3751.0,1010.4,1664.7,6346.8,4740.8
GENE_0991,6185.7,8434.0,7513.5,1529.0,9422.5,6100.6,8584.4,2791.4,9591.0,9489.5,2972.0,9010.6,6802.0
GENE_0992,9720.4,8938.5,4685.4,1369.8,9382.1,13.5,2520.8,5562.0,3122.9,9231.3,6135.0,9593.2,5856.2
GENE_0993,601.6,4109.7,1446.5,8226.2,7648.3,8071.8,9509.6,2432.2,7865.3,6464.4,3916.1,1941.8,5186.1
GENE_0994,8344.9,714.6,9633.9,2769.4,8927.5,1243.5,7399.2,9444.0,1526.9,4439.4,6725.7,7608.2,5731.4
GENE_0995,117.6,1181.7,3118.5,1035.1,6289.2,4716.4,6607.6,2995.2,1257.4,7431.7,4549.1,713.3,3334.4
GENE_0996,9790.1,9106.0,3420.4,2728.3,9879.7,3821.2,8912.3,1137.2,4670.6,5853.9,8763.7,6917.5,6250.1
GENE_0997,7946.6,7587.0,2254.1,1039.5,9976.1,6037.1,5994.5,3631.9,8694.9,6652.5,8368.7,9632.8,6484.6
GENE_0998,4222.5,6384.2,8653.0,2809.2,7243.3,2765.9,2524.2,5083.2,4202.3,8364.6,9831.0,840.1,5243.6
GENE_0999,1020.3,8061.9,2435.0,4954.8,5914.9,6659.6,1048.6,7811.4,7088.2,5611.1,8375.7,3764.5,5228.8
GENE_1000,5194.5,9253.2,3832.0,6020.6,5907.5,7938.1,9541.2,5760.5,1183.6,7642.7,3613.4,6729.4,6051.4
